지점,지점명,일시,1시간평균 미세먼지농도(㎍/㎥)
108,서울,2022-11-01 01:00,41
108,서울,2022-11-01 02:00,35
108,서울,2022-11-01 03:00,33
108,서울,2022-11-01 04:00,33
108,서울,2022-11-01 05:00,26
108,서울,2022-11-01 06:00,22
108,서울,2022-11-01 07:00,25
108,서울,2022-11-01 08:00,29
108,서울,2022-11-01 09:00,31
108,서울,2022-11-01 10:00,41
108,서울,2022-11-01 11:00,43
108,서울,2022-11-01 12:00,54
108,서울,2022-11-01 13:00,63
108,서울,2022-11-01 14:00,64
108,서울,2022-11-01 15:00,69
108,서울,2022-11-01 16:00,58
108,서울,2022-11-01 17:00,49
108,서울,2022-11-01 18:00,41
108,서울,2022-11-01 19:00,42
108,서울,2022-11-01 20:00,56
108,서울,2022-11-01 21:00,45
108,서울,2022-11-01 22:00,38
108,서울,2022-11-01 23:00,45
108,서울,2022-11-02 00:00,30
108,서울,2022-11-02 01:00,30
108,서울,2022-11-02 02:00,31
108,서울,2022-11-02 03:00,32
108,서울,2022-11-02 04:00,28
108,서울,2022-11-02 05:00,30
108,서울,2022-11-02 06:00,21
108,서울,2022-11-02 07:00,22
108,서울,2022-11-02 08:00,24
108,서울,2022-11-02 09:00,18
108,서울,2022-11-02 10:00,50
108,서울,2022-11-02 11:00,57
108,서울,2022-11-02 12:00,69
108,서울,2022-11-02 13:00,63
108,서울,2022-11-02 14:00,54
108,서울,2022-11-02 15:00,45
108,서울,2022-11-02 16:00,38
108,서울,2022-11-02 17:00,32
108,서울,2022-11-02 18:00,37
108,서울,2022-11-02 19:00,25
108,서울,2022-11-02 20:00,17
108,서울,2022-11-02 21:00,13
108,서울,2022-11-02 22:00,13
108,서울,2022-11-02 23:00,13
108,서울,2022-11-03 00:00,23
108,서울,2022-11-03 01:00,14
108,서울,2022-11-03 02:00,16
108,서울,2022-11-03 03:00,15
108,서울,2022-11-03 04:00,21
108,서울,2022-11-03 05:00,20
108,서울,2022-11-03 06:00,24
108,서울,2022-11-03 07:00,22
108,서울,2022-11-03 08:00,25
108,서울,2022-11-03 09:00,34
108,서울,2022-11-03 10:00,33
108,서울,2022-11-03 11:00,49
108,서울,2022-11-03 12:00,54
108,서울,2022-11-03 13:00,57
108,서울,2022-11-03 16:00,61
108,서울,2022-11-03 17:00,38
108,서울,2022-11-03 18:00,32
108,서울,2022-11-03 19:00,22
108,서울,2022-11-03 20:00,20
108,서울,2022-11-03 21:00,20
108,서울,2022-11-03 22:00,16
108,서울,2022-11-03 23:00,16
108,서울,2022-11-04 00:00,15
108,서울,2022-11-04 01:00,8
108,서울,2022-11-04 02:00,7
108,서울,2022-11-04 03:00,15
108,서울,2022-11-04 04:00,10
108,서울,2022-11-04 05:00,13
108,서울,2022-11-04 06:00,15
108,서울,2022-11-04 07:00,17
108,서울,2022-11-04 08:00,12
108,서울,2022-11-04 09:00,14
108,서울,2022-11-04 10:00,20
108,서울,2022-11-04 11:00,32
108,서울,2022-11-04 12:00,43
108,서울,2022-11-04 13:00,39
108,서울,2022-11-04 14:00,47
108,서울,2022-11-04 15:00,45
108,서울,2022-11-04 16:00,58
108,서울,2022-11-04 17:00,50
108,서울,2022-11-04 18:00,46
108,서울,2022-11-04 19:00,33
108,서울,2022-11-04 20:00,28
108,서울,2022-11-04 21:00,23
108,서울,2022-11-04 22:00,23
108,서울,2022-11-04 23:00,24
108,서울,2022-11-05 00:00,24
108,서울,2022-11-05 01:00,32
108,서울,2022-11-05 02:00,27
108,서울,2022-11-05 03:00,24
108,서울,2022-11-05 04:00,23
108,서울,2022-11-05 05:00,23
108,서울,2022-11-05 06:00,25
108,서울,2022-11-05 07:00,18
108,서울,2022-11-05 08:00,28
108,서울,2022-11-05 09:00,26
108,서울,2022-11-05 10:00,49
108,서울,2022-11-05 11:00,60
108,서울,2022-11-05 12:00,57
108,서울,2022-11-05 13:00,51
108,서울,2022-11-05 14:00,48
108,서울,2022-11-05 15:00,48
108,서울,2022-11-05 16:00,49
108,서울,2022-11-05 17:00,56
108,서울,2022-11-05 18:00,40
108,서울,2022-11-05 19:00,24
108,서울,2022-11-05 20:00,19
108,서울,2022-11-05 21:00,20
108,서울,2022-11-05 22:00,20
108,서울,2022-11-05 23:00,24
108,서울,2022-11-06 00:00,24
108,서울,2022-11-06 01:00,29
108,서울,2022-11-06 02:00,22
108,서울,2022-11-06 03:00,21
108,서울,2022-11-06 04:00,21
108,서울,2022-11-06 05:00,21
108,서울,2022-11-06 06:00,14
108,서울,2022-11-06 07:00,16
108,서울,2022-11-06 08:00,15
108,서울,2022-11-06 09:00,19
108,서울,2022-11-06 10:00,33
108,서울,2022-11-06 11:00,50
108,서울,2022-11-06 12:00,58
108,서울,2022-11-06 13:00,53
108,서울,2022-11-06 14:00,49
108,서울,2022-11-06 15:00,47
108,서울,2022-11-06 16:00,40
108,서울,2022-11-06 17:00,31
108,서울,2022-11-06 18:00,36
108,서울,2022-11-06 19:00,23
108,서울,2022-11-06 20:00,21
108,서울,2022-11-06 21:00,15
108,서울,2022-11-06 22:00,21
108,서울,2022-11-06 23:00,17
108,서울,2022-11-07 00:00,14
108,서울,2022-11-07 01:00,31
108,서울,2022-11-07 02:00,21
108,서울,2022-11-07 03:00,23
108,서울,2022-11-07 04:00,21
108,서울,2022-11-07 05:00,21
108,서울,2022-11-07 06:00,18
108,서울,2022-11-07 07:00,20
108,서울,2022-11-07 08:00,20
108,서울,2022-11-07 09:00,31
108,서울,2022-11-07 10:00,41
108,서울,2022-11-07 11:00,63
108,서울,2022-11-07 12:00,65
108,서울,2022-11-07 13:00,63
108,서울,2022-11-07 14:00,57
108,서울,2022-11-07 15:00,48
108,서울,2022-11-07 16:00,47
108,서울,2022-11-07 17:00,48
108,서울,2022-11-07 18:00,43
108,서울,2022-11-07 19:00,34
108,서울,2022-11-07 20:00,37
108,서울,2022-11-07 21:00,27
108,서울,2022-11-07 22:00,27
108,서울,2022-11-07 23:00,27
108,서울,2022-11-08 00:00,29
108,서울,2022-11-08 01:00,32
108,서울,2022-11-08 02:00,39
108,서울,2022-11-08 03:00,33
108,서울,2022-11-08 04:00,34
108,서울,2022-11-08 05:00,35
108,서울,2022-11-08 06:00,30
108,서울,2022-11-08 07:00,39
108,서울,2022-11-08 08:00,33
108,서울,2022-11-08 09:00,35
108,서울,2022-11-08 10:00,28
108,서울,2022-11-08 11:00,33
108,서울,2022-11-08 12:00,53
108,서울,2022-11-08 13:00,51
108,서울,2022-11-08 14:00,52
108,서울,2022-11-08 15:00,39
108,서울,2022-11-08 16:00,49
108,서울,2022-11-08 17:00,38
108,서울,2022-11-08 18:00,39
108,서울,2022-11-08 19:00,46
108,서울,2022-11-08 20:00,47
108,서울,2022-11-08 21:00,48
108,서울,2022-11-08 22:00,56
108,서울,2022-11-08 23:00,46
108,서울,2022-11-09 00:00,49
108,서울,2022-11-09 01:00,60
108,서울,2022-11-09 02:00,58
108,서울,2022-11-09 03:00,43
108,서울,2022-11-09 04:00,43
108,서울,2022-11-09 05:00,47
108,서울,2022-11-09 06:00,40
108,서울,2022-11-09 07:00,42
108,서울,2022-11-09 08:00,36
108,서울,2022-11-09 09:00,45
108,서울,2022-11-09 10:00,67
108,서울,2022-11-09 11:00,73
108,서울,2022-11-09 12:00,94
108,서울,2022-11-09 13:00,92
108,서울,2022-11-09 14:00,82
108,서울,2022-11-09 15:00,66
108,서울,2022-11-09 16:00,60
108,서울,2022-11-09 17:00,60
108,서울,2022-11-09 18:00,81
108,서울,2022-11-09 19:00,76
108,서울,2022-11-09 20:00,81
108,서울,2022-11-09 21:00,77
108,서울,2022-11-09 22:00,84
108,서울,2022-11-09 23:00,84
108,서울,2022-11-10 00:00,74
108,서울,2022-11-10 01:00,87
108,서울,2022-11-10 02:00,78
108,서울,2022-11-10 03:00,66
108,서울,2022-11-10 04:00,67
108,서울,2022-11-10 05:00,51
108,서울,2022-11-10 06:00,52
108,서울,2022-11-10 07:00,64
108,서울,2022-11-10 08:00,55
108,서울,2022-11-10 09:00,56
108,서울,2022-11-10 10:00,70
108,서울,2022-11-10 11:00,81
108,서울,2022-11-10 12:00,83
108,서울,2022-11-10 13:00,80
108,서울,2022-11-10 14:00,77
108,서울,2022-11-10 15:00,95
108,서울,2022-11-10 16:00,96
108,서울,2022-11-10 17:00,83
108,서울,2022-11-10 18:00,65
108,서울,2022-11-10 19:00,46
108,서울,2022-11-10 20:00,55
108,서울,2022-11-10 21:00,55
108,서울,2022-11-10 22:00,57
108,서울,2022-11-10 23:00,66
108,서울,2022-11-11 00:00,63
108,서울,2022-11-11 01:00,59
108,서울,2022-11-11 02:00,64
108,서울,2022-11-11 03:00,46
108,서울,2022-11-11 04:00,40
108,서울,2022-11-11 05:00,36
108,서울,2022-11-11 06:00,29
108,서울,2022-11-11 07:00,33
108,서울,2022-11-11 08:00,29
108,서울,2022-11-11 09:00,35
108,서울,2022-11-11 10:00,45
108,서울,2022-11-11 11:00,56
108,서울,2022-11-11 12:00,64
108,서울,2022-11-11 13:00,64
108,서울,2022-11-11 14:00,54
108,서울,2022-11-11 15:00,53
108,서울,2022-11-11 16:00,47
108,서울,2022-11-11 17:00,51
108,서울,2022-11-11 18:00,49
108,서울,2022-11-11 19:00,57
108,서울,2022-11-11 20:00,69
108,서울,2022-11-11 21:00,88
108,서울,2022-11-11 22:00,80
108,서울,2022-11-11 23:00,74
108,서울,2022-11-12 00:00,60
108,서울,2022-11-12 01:00,53
108,서울,2022-11-12 02:00,65
108,서울,2022-11-12 03:00,66
108,서울,2022-11-12 04:00,54
108,서울,2022-11-12 05:00,47
108,서울,2022-11-12 06:00,46
108,서울,2022-11-12 07:00,37
108,서울,2022-11-12 08:00,46
108,서울,2022-11-12 09:00,46
108,서울,2022-11-12 10:00,59
108,서울,2022-11-12 11:00,55
108,서울,2022-11-12 12:00,66
108,서울,2022-11-12 13:00,61
108,서울,2022-11-12 14:00,54
108,서울,2022-11-12 15:00,50
108,서울,2022-11-12 16:00,40
108,서울,2022-11-12 17:00,30
108,서울,2022-11-12 18:00,36
108,서울,2022-11-12 19:00,37
108,서울,2022-11-12 20:00,33
108,서울,2022-11-12 21:00,28
108,서울,2022-11-12 22:00,13
108,서울,2022-11-13 00:00,13
108,서울,2022-11-13 01:00,16
108,서울,2022-11-13 02:00,20
108,서울,2022-11-13 03:00,7
108,서울,2022-11-13 04:00,14
108,서울,2022-11-13 05:00,11
108,서울,2022-11-13 06:00,11
108,서울,2022-11-13 07:00,7
108,서울,2022-11-13 08:00,13
108,서울,2022-11-13 10:00,7
108,서울,2022-11-13 11:00,12
108,서울,2022-11-13 12:00,24
108,서울,2022-11-13 13:00,24
108,서울,2022-11-13 14:00,23
108,서울,2022-11-13 15:00,26
108,서울,2022-11-13 16:00,27
108,서울,2022-11-13 17:00,24
108,서울,2022-11-13 18:00,22
108,서울,2022-11-13 19:00,24
108,서울,2022-11-13 20:00,22
108,서울,2022-11-13 21:00,17
108,서울,2022-11-13 22:00,12
108,서울,2022-11-13 23:00,14
108,서울,2022-11-14 00:00,11
108,서울,2022-11-14 01:00,8
108,서울,2022-11-14 02:00,15
108,서울,2022-11-14 03:00,19
108,서울,2022-11-14 04:00,13
108,서울,2022-11-14 05:00,27
108,서울,2022-11-14 06:00,14
108,서울,2022-11-14 07:00,20
108,서울,2022-11-14 08:00,26
108,서울,2022-11-14 09:00,22
108,서울,2022-11-14 10:00,33
108,서울,2022-11-14 11:00,41
108,서울,2022-11-14 12:00,45
108,서울,2022-11-14 13:00,55
108,서울,2022-11-14 14:00,45
108,서울,2022-11-14 15:00,43
108,서울,2022-11-14 16:00,30
108,서울,2022-11-14 17:00,25
108,서울,2022-11-14 18:00,18
108,서울,2022-11-14 19:00,7
108,서울,2022-11-14 20:00,5
108,서울,2022-11-14 21:00,9
108,서울,2022-11-14 22:00,10
108,서울,2022-11-14 23:00,7
108,서울,2022-11-15 00:00,11
108,서울,2022-11-15 01:00,11
108,서울,2022-11-15 02:00,9
108,서울,2022-11-15 03:00,9
108,서울,2022-11-15 04:00,18
108,서울,2022-11-15 05:00,17
108,서울,2022-11-15 06:00,23
108,서울,2022-11-15 07:00,17
108,서울,2022-11-15 08:00,23
108,서울,2022-11-15 09:00,21
108,서울,2022-11-15 10:00,33
108,서울,2022-11-15 11:00,42
108,서울,2022-11-15 12:00,52
108,서울,2022-11-15 13:00,66
108,서울,2022-11-15 14:00,61
108,서울,2022-11-15 15:00,43
108,서울,2022-11-15 16:00,45
108,서울,2022-11-15 17:00,43
108,서울,2022-11-15 18:00,43
108,서울,2022-11-15 19:00,26
108,서울,2022-11-15 20:00,23
108,서울,2022-11-16 04:00,6
108,서울,2022-11-16 05:00,10
108,서울,2022-11-16 06:00,9
108,서울,2022-11-16 07:00,9
108,서울,2022-11-16 08:00,12
108,서울,2022-11-16 09:00,22
108,서울,2022-11-16 10:00,27
108,서울,2022-11-16 11:00,49
108,서울,2022-11-16 12:00,61
108,서울,2022-11-16 13:00,51
108,서울,2022-11-16 14:00,51
108,서울,2022-11-16 15:00,43
108,서울,2022-11-16 16:00,41
108,서울,2022-11-16 17:00,33
108,서울,2022-11-16 18:00,32
108,서울,2022-11-16 19:00,18
108,서울,2022-11-16 20:00,18
108,서울,2022-11-16 21:00,15
108,서울,2022-11-16 22:00,19
108,서울,2022-11-16 23:00,23
108,서울,2022-11-17 00:00,24
108,서울,2022-11-17 01:00,32
108,서울,2022-11-17 02:00,29
108,서울,2022-11-17 03:00,30
108,서울,2022-11-17 04:00,28
108,서울,2022-11-17 05:00,27
108,서울,2022-11-17 06:00,23
108,서울,2022-11-17 07:00,23
108,서울,2022-11-17 08:00,26
108,서울,2022-11-17 09:00,20
108,서울,2022-11-17 10:00,35
108,서울,2022-11-17 11:00,47
108,서울,2022-11-17 12:00,65
108,서울,2022-11-17 13:00,73
108,서울,2022-11-17 14:00,62
108,서울,2022-11-17 15:00,57
108,서울,2022-11-17 16:00,56
108,서울,2022-11-17 17:00,46
108,서울,2022-11-17 18:00,42
108,서울,2022-11-17 19:00,30
108,서울,2022-11-17 20:00,32
108,서울,2022-11-17 21:00,29
108,서울,2022-11-17 22:00,32
108,서울,2022-11-17 23:00,31
108,서울,2022-11-18 00:00,26
108,서울,2022-11-18 01:00,35
108,서울,2022-11-18 02:00,47
108,서울,2022-11-18 03:00,33
108,서울,2022-11-18 04:00,34
108,서울,2022-11-18 05:00,29
108,서울,2022-11-18 06:00,33
108,서울,2022-11-18 07:00,29
108,서울,2022-11-18 08:00,32
108,서울,2022-11-18 09:00,30
108,서울,2022-11-18 10:00,47
108,서울,2022-11-18 11:00,55
108,서울,2022-11-18 12:00,62
108,서울,2022-11-18 13:00,62
108,서울,2022-11-18 14:00,51
108,서울,2022-11-18 15:00,49
108,서울,2022-11-18 16:00,44
108,서울,2022-11-18 17:00,38
108,서울,2022-11-18 18:00,40
108,서울,2022-11-18 19:00,32
108,서울,2022-11-18 20:00,26
108,서울,2022-11-18 21:00,24
108,서울,2022-11-18 22:00,29
108,서울,2022-11-18 23:00,26
108,서울,2022-11-19 00:00,25
108,서울,2022-11-19 01:00,28
108,서울,2022-11-19 02:00,31
108,서울,2022-11-19 03:00,29
108,서울,2022-11-19 04:00,21
108,서울,2022-11-19 05:00,17
108,서울,2022-11-19 06:00,14
108,서울,2022-11-19 07:00,19
108,서울,2022-11-19 08:00,15
108,서울,2022-11-19 09:00,19
108,서울,2022-11-19 10:00,25
108,서울,2022-11-19 11:00,40
108,서울,2022-11-19 12:00,56
108,서울,2022-11-19 13:00,47
108,서울,2022-11-19 14:00,49
108,서울,2022-11-19 15:00,38
108,서울,2022-11-19 16:00,34
108,서울,2022-11-19 17:00,32
108,서울,2022-11-19 18:00,24
108,서울,2022-11-19 19:00,32
108,서울,2022-11-19 20:00,29
108,서울,2022-11-19 21:00,46
108,서울,2022-11-19 22:00,40
108,서울,2022-11-19 23:00,29
108,서울,2022-11-20 00:00,28
108,서울,2022-11-20 01:00,29
108,서울,2022-11-20 02:00,30
108,서울,2022-11-20 03:00,34
108,서울,2022-11-20 04:00,33
108,서울,2022-11-20 05:00,30
108,서울,2022-11-20 06:00,32
108,서울,2022-11-20 07:00,29
108,서울,2022-11-20 08:00,30
108,서울,2022-11-20 09:00,17
108,서울,2022-11-20 10:00,28
108,서울,2022-11-20 11:00,46
108,서울,2022-11-20 12:00,48
108,서울,2022-11-20 13:00,49
108,서울,2022-11-20 14:00,42
108,서울,2022-11-20 15:00,34
108,서울,2022-11-20 16:00,24
108,서울,2022-11-20 17:00,30
108,서울,2022-11-20 18:00,19
108,서울,2022-11-20 19:00,24
108,서울,2022-11-20 20:00,23
108,서울,2022-11-20 21:00,25
108,서울,2022-11-20 22:00,18
108,서울,2022-11-20 23:00,16
108,서울,2022-11-21 00:00,10
108,서울,2022-11-21 01:00,12
108,서울,2022-11-21 02:00,12
108,서울,2022-11-21 03:00,19
108,서울,2022-11-21 04:00,19
108,서울,2022-11-21 05:00,19
108,서울,2022-11-21 06:00,23
108,서울,2022-11-21 07:00,19
108,서울,2022-11-21 08:00,26
108,서울,2022-11-21 09:00,23
108,서울,2022-11-21 10:00,43
108,서울,2022-11-21 11:00,57
108,서울,2022-11-21 12:00,76
108,서울,2022-11-21 13:00,69
108,서울,2022-11-21 14:00,44
108,서울,2022-11-21 15:00,39
108,서울,2022-11-21 16:00,46
108,서울,2022-11-21 17:00,42
108,서울,2022-11-21 18:00,35
108,서울,2022-11-21 19:00,33
108,서울,2022-11-21 20:00,42
108,서울,2022-11-21 21:00,41
108,서울,2022-11-21 22:00,44
108,서울,2022-11-21 23:00,42
108,서울,2022-11-22 00:00,36
108,서울,2022-11-22 01:00,34
108,서울,2022-11-22 02:00,48
108,서울,2022-11-22 03:00,46
108,서울,2022-11-22 04:00,51
108,서울,2022-11-22 05:00,59
108,서울,2022-11-22 06:00,52
108,서울,2022-11-22 07:00,50
108,서울,2022-11-22 08:00,53
108,서울,2022-11-22 09:00,46
108,서울,2022-11-22 10:00,53
108,서울,2022-11-22 11:00,49
108,서울,2022-11-22 12:00,62
108,서울,2022-11-22 13:00,71
108,서울,2022-11-22 14:00,64
108,서울,2022-11-22 15:00,61
108,서울,2022-11-22 16:00,52
108,서울,2022-11-22 17:00,44
108,서울,2022-11-22 18:00,40
108,서울,2022-11-22 19:00,35
108,서울,2022-11-22 20:00,54
108,서울,2022-11-22 21:00,69
108,서울,2022-11-22 22:00,68
108,서울,2022-11-22 23:00,56
108,서울,2022-11-23 00:00,48
108,서울,2022-11-23 01:00,32
108,서울,2022-11-23 02:00,47
108,서울,2022-11-23 03:00,48
108,서울,2022-11-23 04:00,57
108,서울,2022-11-23 05:00,43
108,서울,2022-11-23 06:00,42
108,서울,2022-11-23 07:00,50
108,서울,2022-11-23 08:00,46
108,서울,2022-11-23 09:00,39
108,서울,2022-11-23 10:00,49
108,서울,2022-11-23 11:00,54
108,서울,2022-11-23 12:00,63
108,서울,2022-11-23 13:00,45
108,서울,2022-11-23 14:00,41
108,서울,2022-11-23 15:00,33
108,서울,2022-11-23 16:00,32
108,서울,2022-11-23 17:00,45
108,서울,2022-11-23 18:00,20
108,서울,2022-11-23 19:00,17
108,서울,2022-11-23 20:00,11
108,서울,2022-11-23 21:00,19
108,서울,2022-11-23 22:00,19
108,서울,2022-11-23 23:00,16
108,서울,2022-11-24 00:00,24
108,서울,2022-11-24 01:00,26
108,서울,2022-11-24 02:00,27
108,서울,2022-11-24 03:00,28
108,서울,2022-11-24 04:00,36
108,서울,2022-11-24 05:00,42
108,서울,2022-11-24 06:00,39
108,서울,2022-11-24 07:00,31
108,서울,2022-11-24 08:00,38
108,서울,2022-11-24 09:00,39
108,서울,2022-11-24 10:00,49
108,서울,2022-11-24 11:00,60
108,서울,2022-11-24 12:00,76
108,서울,2022-11-24 13:00,84
108,서울,2022-11-24 14:00,71
108,서울,2022-11-24 15:00,70
108,서울,2022-11-24 16:00,58
108,서울,2022-11-24 17:00,65
108,서울,2022-11-24 18:00,58
108,서울,2022-11-24 19:00,46
108,서울,2022-11-24 20:00,36
108,서울,2022-11-24 21:00,53
108,서울,2022-11-24 22:00,52
108,서울,2022-11-24 23:00,47
108,서울,2022-11-25 00:00,47
108,서울,2022-11-25 01:00,63
108,서울,2022-11-25 02:00,58
108,서울,2022-11-25 03:00,49
108,서울,2022-11-25 04:00,44
108,서울,2022-11-25 05:00,51
108,서울,2022-11-25 06:00,56
108,서울,2022-11-25 07:00,58
108,서울,2022-11-25 08:00,59
108,서울,2022-11-25 09:00,59
108,서울,2022-11-25 10:00,63
108,서울,2022-11-25 11:00,63
108,서울,2022-11-25 12:00,75
108,서울,2022-11-25 13:00,61
108,서울,2022-11-25 14:00,44
108,서울,2022-11-25 15:00,39
108,서울,2022-11-25 16:00,42
108,서울,2022-11-25 17:00,39
108,서울,2022-11-25 18:00,46
108,서울,2022-11-25 19:00,43
108,서울,2022-11-25 20:00,54
108,서울,2022-11-25 21:00,47
108,서울,2022-11-25 22:00,44
108,서울,2022-11-25 23:00,50
108,서울,2022-11-26 00:00,34
108,서울,2022-11-26 01:00,54
108,서울,2022-11-26 02:00,75
108,서울,2022-11-26 03:00,64
108,서울,2022-11-26 04:00,55
108,서울,2022-11-26 05:00,56
108,서울,2022-11-26 06:00,61
108,서울,2022-11-26 07:00,59
108,서울,2022-11-26 08:00,67
108,서울,2022-11-26 09:00,76
108,서울,2022-11-26 10:00,98
108,서울,2022-11-26 11:00,115
108,서울,2022-11-26 12:00,125
108,서울,2022-11-26 13:00,119
108,서울,2022-11-26 14:00,89
108,서울,2022-11-26 15:00,80
108,서울,2022-11-26 16:00,71
108,서울,2022-11-26 17:00,45
108,서울,2022-11-26 18:00,23
108,서울,2022-11-26 19:00,9
108,서울,2022-11-26 20:00,5
108,서울,2022-11-26 23:00,4
108,서울,2022-11-27 01:00,4
108,서울,2022-11-27 02:00,5
108,서울,2022-11-27 03:00,4
108,서울,2022-11-27 04:00,11
108,서울,2022-11-27 05:00,7
108,서울,2022-11-27 06:00,9
108,서울,2022-11-27 07:00,10
108,서울,2022-11-27 08:00,15
108,서울,2022-11-27 09:00,9
108,서울,2022-11-27 10:00,19
108,서울,2022-11-27 11:00,31
108,서울,2022-11-27 12:00,39
108,서울,2022-11-27 13:00,51
108,서울,2022-11-27 14:00,59
108,서울,2022-11-27 15:00,43
108,서울,2022-11-27 16:00,40
108,서울,2022-11-27 17:00,43
108,서울,2022-11-27 18:00,39
108,서울,2022-11-27 19:00,24
108,서울,2022-11-27 20:00,17
108,서울,2022-11-27 21:00,16
108,서울,2022-11-27 22:00,14
108,서울,2022-11-27 23:00,8
108,서울,2022-11-28 00:00,10
108,서울,2022-11-28 01:00,20
108,서울,2022-11-28 02:00,11
108,서울,2022-11-28 03:00,14
108,서울,2022-11-28 04:00,24
108,서울,2022-11-28 05:00,20
108,서울,2022-11-28 06:00,19
108,서울,2022-11-28 07:00,26
108,서울,2022-11-28 08:00,28
108,서울,2022-11-28 09:00,34
108,서울,2022-11-28 10:00,29
108,서울,2022-11-28 11:00,39
108,서울,2022-11-28 12:00,42
108,서울,2022-11-28 13:00,53
108,서울,2022-11-28 14:00,55
108,서울,2022-11-28 15:00,55
108,서울,2022-11-28 16:00,41
108,서울,2022-11-28 17:00,41
108,서울,2022-11-28 18:00,42
108,서울,2022-11-28 19:00,33
108,서울,2022-11-28 20:00,27
108,서울,2022-11-28 21:00,32
108,서울,2022-11-28 22:00,20
108,서울,2022-11-28 23:00,10
108,서울,2022-11-29 00:00,15
108,서울,2022-11-29 01:00,21
108,서울,2022-11-29 02:00,20
108,서울,2022-11-29 03:00,9
108,서울,2022-11-29 04:00,4
108,서울,2022-11-29 05:00,6
108,서울,2022-11-29 07:00,8
108,서울,2022-11-29 08:00,3
108,서울,2022-11-29 09:00,4
108,서울,2022-11-29 10:00,7
108,서울,2022-11-29 11:00,16
108,서울,2022-11-29 12:00,25
108,서울,2022-11-29 13:00,37
108,서울,2022-11-29 14:00,39
108,서울,2022-11-29 15:00,48
108,서울,2022-11-29 16:00,33
108,서울,2022-11-29 17:00,28
108,서울,2022-11-29 18:00,23
108,서울,2022-11-29 19:00,15
108,서울,2022-11-29 20:00,18
108,서울,2022-11-29 21:00,8
108,서울,2022-11-29 22:00,5
108,서울,2022-11-30 00:00,5
108,서울,2022-11-30 01:00,8
108,서울,2022-11-30 02:00,9
108,서울,2022-11-30 03:00,11
108,서울,2022-11-30 04:00,9
108,서울,2022-11-30 05:00,10
108,서울,2022-11-30 06:00,8
108,서울,2022-11-30 07:00,12
108,서울,2022-11-30 08:00,28
108,서울,2022-11-30 09:00,35
108,서울,2022-11-30 10:00,47
108,서울,2022-11-30 11:00,52
108,서울,2022-11-30 12:00,48
108,서울,2022-11-30 13:00,46
108,서울,2022-11-30 14:00,34
108,서울,2022-11-30 15:00,37
108,서울,2022-11-30 16:00,37
108,서울,2022-11-30 17:00,33
108,서울,2022-11-30 18:00,31
108,서울,2022-11-30 19:00,16
108,서울,2022-11-30 20:00,13
108,서울,2022-11-30 21:00,9
108,서울,2022-11-30 22:00,13
108,서울,2022-11-30 23:00,8
108,서울,2022-12-01 00:00,12
108,서울,2022-12-01 01:00,11
108,서울,2022-12-01 03:00,6
108,서울,2022-12-01 04:00,17
108,서울,2022-12-01 05:00,13
108,서울,2022-12-01 06:00,7
108,서울,2022-12-01 07:00,14
108,서울,2022-12-01 08:00,16
108,서울,2022-12-01 09:00,18
108,서울,2022-12-01 10:00,23
108,서울,2022-12-01 11:00,38
108,서울,2022-12-01 12:00,37
108,서울,2022-12-01 13:00,42
108,서울,2022-12-01 14:00,34
108,서울,2022-12-01 15:00,36
108,서울,2022-12-01 16:00,36
108,서울,2022-12-01 17:00,44
108,서울,2022-12-01 18:00,43
108,서울,2022-12-01 19:00,32
108,서울,2022-12-01 20:00,27
108,서울,2022-12-01 21:00,25
108,서울,2022-12-01 22:00,19
108,서울,2022-12-01 23:00,20
108,서울,2022-12-02 00:00,19
108,서울,2022-12-02 01:00,12
108,서울,2022-12-02 02:00,14
108,서울,2022-12-02 03:00,15
108,서울,2022-12-02 04:00,9
108,서울,2022-12-02 05:00,19
108,서울,2022-12-02 06:00,14
108,서울,2022-12-02 07:00,16
108,서울,2022-12-02 08:00,20
108,서울,2022-12-02 09:00,14
108,서울,2022-12-02 10:00,18
108,서울,2022-12-02 11:00,33
108,서울,2022-12-02 12:00,38
108,서울,2022-12-02 13:00,43
108,서울,2022-12-02 14:00,40
108,서울,2022-12-02 15:00,32
108,서울,2022-12-02 16:00,35
108,서울,2022-12-02 17:00,35
108,서울,2022-12-02 18:00,35
108,서울,2022-12-02 19:00,20
108,서울,2022-12-02 20:00,16
108,서울,2022-12-02 21:00,18
108,서울,2022-12-02 22:00,15
108,서울,2022-12-02 23:00,18
108,서울,2022-12-03 00:00,21
108,서울,2022-12-03 01:00,17
108,서울,2022-12-03 02:00,31
108,서울,2022-12-03 03:00,18
108,서울,2022-12-03 04:00,27
108,서울,2022-12-03 05:00,23
108,서울,2022-12-03 06:00,22
108,서울,2022-12-03 07:00,23
108,서울,2022-12-03 08:00,15
108,서울,2022-12-03 09:00,21
108,서울,2022-12-03 10:00,24
108,서울,2022-12-03 11:00,19
108,서울,2022-12-03 12:00,33
108,서울,2022-12-03 13:00,33
108,서울,2022-12-03 14:00,45
108,서울,2022-12-03 15:00,53
108,서울,2022-12-03 16:00,61
108,서울,2022-12-03 17:00,58
108,서울,2022-12-03 18:00,48
108,서울,2022-12-03 19:00,43
108,서울,2022-12-03 20:00,45
108,서울,2022-12-03 21:00,43
108,서울,2022-12-03 22:00,50
108,서울,2022-12-03 23:00,55
108,서울,2022-12-04 00:00,54
108,서울,2022-12-04 01:00,41
108,서울,2022-12-04 02:00,11
108,서울,2022-12-04 04:00,7
108,서울,2022-12-04 05:00,6
108,서울,2022-12-04 06:00,9
108,서울,2022-12-04 07:00,7
108,서울,2022-12-04 08:00,7
108,서울,2022-12-04 09:00,5
108,서울,2022-12-04 10:00,6
108,서울,2022-12-04 11:00,17
108,서울,2022-12-04 12:00,15
108,서울,2022-12-04 13:00,12
108,서울,2022-12-04 14:00,18
108,서울,2022-12-04 15:00,19
108,서울,2022-12-04 16:00,24
108,서울,2022-12-04 17:00,29
108,서울,2022-12-04 18:00,18
108,서울,2022-12-04 19:00,21
108,서울,2022-12-04 20:00,17
108,서울,2022-12-04 21:00,15
108,서울,2022-12-04 22:00,17
108,서울,2022-12-04 23:00,22
108,서울,2022-12-05 00:00,16
108,서울,2022-12-05 01:00,17
108,서울,2022-12-05 02:00,19
108,서울,2022-12-05 03:00,10
108,서울,2022-12-05 04:00,15
108,서울,2022-12-05 05:00,11
108,서울,2022-12-05 06:00,10
108,서울,2022-12-05 07:00,10
108,서울,2022-12-05 08:00,25
108,서울,2022-12-05 09:00,18
108,서울,2022-12-05 10:00,14
108,서울,2022-12-05 11:00,20
108,서울,2022-12-05 12:00,32
108,서울,2022-12-05 18:00,22
108,서울,2022-12-05 19:00,20
108,서울,2022-12-05 20:00,30
108,서울,2022-12-05 21:00,38
108,서울,2022-12-05 22:00,34
108,서울,2022-12-05 23:00,32
108,서울,2022-12-06 00:00,34
108,서울,2022-12-06 01:00,32
108,서울,2022-12-06 02:00,40
108,서울,2022-12-06 03:00,38
108,서울,2022-12-06 04:00,31
108,서울,2022-12-06 05:00,32
108,서울,2022-12-06 06:00,38
108,서울,2022-12-06 07:00,31
108,서울,2022-12-06 08:00,33
108,서울,2022-12-06 09:00,34
108,서울,2022-12-06 10:00,31
108,서울,2022-12-06 11:00,38
108,서울,2022-12-06 12:00,32
108,서울,2022-12-06 13:00,46
108,서울,2022-12-06 14:00,36
108,서울,2022-12-06 15:00,43
108,서울,2022-12-06 16:00,20
108,서울,2022-12-06 17:00,22
108,서울,2022-12-06 18:00,20
108,서울,2022-12-06 19:00,16
108,서울,2022-12-06 20:00,14
108,서울,2022-12-06 21:00,18
108,서울,2022-12-06 22:00,20
108,서울,2022-12-06 23:00,21
108,서울,2022-12-07 00:00,24
108,서울,2022-12-07 01:00,33
108,서울,2022-12-07 02:00,34
108,서울,2022-12-07 03:00,38
108,서울,2022-12-07 04:00,37
108,서울,2022-12-07 05:00,41
108,서울,2022-12-07 06:00,42
108,서울,2022-12-07 07:00,42
108,서울,2022-12-07 08:00,35
108,서울,2022-12-07 09:00,27
108,서울,2022-12-07 10:00,48
108,서울,2022-12-07 11:00,41
108,서울,2022-12-07 12:00,45
108,서울,2022-12-07 13:00,40
108,서울,2022-12-07 14:00,47
108,서울,2022-12-07 15:00,44
108,서울,2022-12-07 16:00,52
108,서울,2022-12-07 17:00,50
108,서울,2022-12-07 18:00,39
108,서울,2022-12-07 19:00,26
108,서울,2022-12-07 20:00,26
108,서울,2022-12-07 21:00,22
108,서울,2022-12-07 22:00,30
108,서울,2022-12-07 23:00,26
108,서울,2022-12-08 00:00,26
108,서울,2022-12-08 01:00,32
108,서울,2022-12-08 02:00,36
108,서울,2022-12-08 03:00,30
108,서울,2022-12-08 04:00,30
108,서울,2022-12-08 05:00,29
108,서울,2022-12-08 06:00,35
108,서울,2022-12-08 07:00,28
108,서울,2022-12-08 08:00,29
108,서울,2022-12-08 09:00,32
108,서울,2022-12-08 10:00,32
108,서울,2022-12-08 11:00,40
108,서울,2022-12-08 12:00,49
108,서울,2022-12-08 13:00,46
108,서울,2022-12-08 14:00,35
108,서울,2022-12-08 15:00,25
108,서울,2022-12-08 16:00,21
108,서울,2022-12-08 17:00,32
108,서울,2022-12-08 18:00,33
108,서울,2022-12-08 19:00,22
108,서울,2022-12-08 20:00,23
108,서울,2022-12-08 21:00,25
108,서울,2022-12-08 22:00,28
108,서울,2022-12-08 23:00,24
108,서울,2022-12-09 00:00,21
108,서울,2022-12-09 01:00,19
108,서울,2022-12-09 02:00,28
108,서울,2022-12-09 03:00,25
108,서울,2022-12-09 04:00,25
108,서울,2022-12-09 05:00,21
108,서울,2022-12-09 06:00,32
108,서울,2022-12-09 07:00,23
108,서울,2022-12-09 08:00,29
108,서울,2022-12-09 09:00,27
108,서울,2022-12-09 10:00,33
108,서울,2022-12-09 11:00,36
108,서울,2022-12-09 12:00,45
108,서울,2022-12-09 13:00,49
108,서울,2022-12-09 14:00,67
108,서울,2022-12-09 15:00,71
108,서울,2022-12-09 16:00,57
108,서울,2022-12-09 17:00,53
108,서울,2022-12-09 18:00,41
108,서울,2022-12-09 19:00,39
108,서울,2022-12-09 20:00,48
108,서울,2022-12-09 21:00,50
108,서울,2022-12-09 22:00,41
108,서울,2022-12-09 23:00,39
108,서울,2022-12-10 00:00,30
108,서울,2022-12-10 01:00,34
108,서울,2022-12-10 02:00,37
108,서울,2022-12-10 03:00,37
108,서울,2022-12-10 04:00,43
108,서울,2022-12-10 05:00,38
108,서울,2022-12-10 06:00,34
108,서울,2022-12-10 07:00,30
108,서울,2022-12-10 08:00,28
108,서울,2022-12-10 09:00,33
108,서울,2022-12-10 10:00,39
108,서울,2022-12-10 11:00,43
108,서울,2022-12-10 12:00,33
108,서울,2022-12-10 13:00,37
108,서울,2022-12-10 14:00,41
108,서울,2022-12-10 15:00,48
108,서울,2022-12-10 16:00,33
108,서울,2022-12-10 17:00,43
108,서울,2022-12-10 18:00,37
108,서울,2022-12-10 19:00,40
108,서울,2022-12-10 20:00,31
108,서울,2022-12-10 21:00,33
108,서울,2022-12-10 22:00,33
108,서울,2022-12-10 23:00,36
108,서울,2022-12-11 00:00,35
108,서울,2022-12-11 01:00,35
108,서울,2022-12-11 02:00,40
108,서울,2022-12-11 03:00,47
108,서울,2022-12-11 04:00,48
108,서울,2022-12-11 05:00,50
108,서울,2022-12-11 06:00,53
108,서울,2022-12-11 07:00,56
108,서울,2022-12-11 08:00,58
108,서울,2022-12-11 09:00,55
108,서울,2022-12-11 10:00,53
108,서울,2022-12-11 11:00,64
108,서울,2022-12-11 12:00,62
108,서울,2022-12-11 13:00,52
108,서울,2022-12-11 14:00,44
108,서울,2022-12-11 15:00,35
108,서울,2022-12-11 16:00,35
108,서울,2022-12-11 17:00,33
108,서울,2022-12-11 18:00,31
108,서울,2022-12-11 19:00,27
108,서울,2022-12-11 20:00,26
108,서울,2022-12-11 21:00,31
108,서울,2022-12-11 22:00,24
108,서울,2022-12-11 23:00,35
108,서울,2022-12-12 00:00,39
108,서울,2022-12-12 01:00,38
108,서울,2022-12-12 02:00,40
108,서울,2022-12-12 03:00,35
108,서울,2022-12-12 04:00,39
108,서울,2022-12-12 05:00,34
108,서울,2022-12-12 06:00,33
108,서울,2022-12-12 07:00,38
108,서울,2022-12-12 08:00,33
108,서울,2022-12-12 09:00,40
108,서울,2022-12-12 10:00,43
108,서울,2022-12-12 11:00,59
108,서울,2022-12-12 12:00,56
108,서울,2022-12-12 13:00,44
108,서울,2022-12-12 14:00,45
108,서울,2022-12-12 15:00,39
108,서울,2022-12-12 16:00,28
108,서울,2022-12-12 17:00,18
108,서울,2022-12-12 18:00,15
108,서울,2022-12-12 20:00,8
108,서울,2022-12-12 21:00,13
108,서울,2022-12-12 22:00,13
108,서울,2022-12-12 23:00,13
108,서울,2022-12-13 00:00,22
108,서울,2022-12-13 01:00,69
108,서울,2022-12-13 02:00,160
108,서울,2022-12-13 03:00,229
108,서울,2022-12-13 04:00,353
108,서울,2022-12-13 05:00,374
108,서울,2022-12-13 06:00,315
108,서울,2022-12-13 07:00,289
108,서울,2022-12-13 08:00,350
108,서울,2022-12-13 09:00,397
108,서울,2022-12-13 10:00,477
108,서울,2022-12-13 11:00,480
108,서울,2022-12-13 12:00,440
108,서울,2022-12-13 13:00,403
108,서울,2022-12-13 14:00,368
108,서울,2022-12-13 15:00,327
108,서울,2022-12-13 16:00,208
108,서울,2022-12-13 17:00,176
108,서울,2022-12-13 18:00,111
108,서울,2022-12-13 19:00,88
108,서울,2022-12-13 20:00,75
108,서울,2022-12-13 21:00,67
108,서울,2022-12-13 22:00,76
108,서울,2022-12-13 23:00,54
108,서울,2022-12-14 00:00,51
108,서울,2022-12-14 01:00,76
108,서울,2022-12-14 02:00,97
108,서울,2022-12-14 03:00,87
108,서울,2022-12-14 04:00,77
108,서울,2022-12-14 05:00,77
108,서울,2022-12-14 06:00,71
108,서울,2022-12-14 07:00,72
108,서울,2022-12-14 08:00,82
108,서울,2022-12-14 09:00,80
108,서울,2022-12-14 10:00,91
108,서울,2022-12-14 11:00,87
108,서울,2022-12-14 12:00,79
108,서울,2022-12-14 13:00,71
108,서울,2022-12-14 14:00,44
108,서울,2022-12-14 15:00,44
108,서울,2022-12-14 16:00,44
108,서울,2022-12-14 17:00,36
108,서울,2022-12-14 18:00,40
108,서울,2022-12-14 19:00,32
108,서울,2022-12-14 20:00,25
108,서울,2022-12-14 21:00,28
108,서울,2022-12-14 22:00,31
108,서울,2022-12-14 23:00,27
108,서울,2022-12-15 00:00,25
108,서울,2022-12-15 01:00,23
108,서울,2022-12-15 02:00,24
108,서울,2022-12-15 03:00,30
108,서울,2022-12-15 04:00,32
108,서울,2022-12-15 05:00,25
108,서울,2022-12-15 06:00,29
108,서울,2022-12-15 07:00,27
108,서울,2022-12-15 08:00,31
108,서울,2022-12-15 09:00,32
108,서울,2022-12-15 10:00,36
108,서울,2022-12-15 11:00,39
108,서울,2022-12-15 12:00,38
108,서울,2022-12-15 13:00,47
108,서울,2022-12-15 14:00,34
108,서울,2022-12-15 15:00,35
108,서울,2022-12-15 16:00,38
108,서울,2022-12-15 17:00,37
108,서울,2022-12-15 18:00,36
108,서울,2022-12-15 19:00,40
108,서울,2022-12-15 20:00,44
108,서울,2022-12-15 21:00,38
108,서울,2022-12-15 22:00,40
108,서울,2022-12-15 23:00,31
108,서울,2022-12-16 00:00,29
108,서울,2022-12-16 01:00,41
108,서울,2022-12-16 02:00,40
108,서울,2022-12-16 03:00,44
108,서울,2022-12-16 04:00,50
108,서울,2022-12-16 05:00,46
108,서울,2022-12-16 06:00,40
108,서울,2022-12-16 07:00,41
108,서울,2022-12-16 08:00,33
108,서울,2022-12-16 09:00,26
108,서울,2022-12-16 10:00,32
108,서울,2022-12-16 11:00,30
108,서울,2022-12-16 12:00,28
108,서울,2022-12-16 13:00,28
108,서울,2022-12-16 14:00,30
108,서울,2022-12-16 15:00,32
108,서울,2022-12-16 16:00,22
108,서울,2022-12-16 17:00,23
108,서울,2022-12-16 18:00,26
108,서울,2022-12-16 19:00,17
108,서울,2022-12-16 20:00,16
108,서울,2022-12-16 21:00,23
108,서울,2022-12-16 22:00,22
108,서울,2022-12-16 23:00,26
108,서울,2022-12-17 00:00,35
108,서울,2022-12-17 01:00,33
108,서울,2022-12-17 02:00,38
108,서울,2022-12-17 03:00,35
108,서울,2022-12-17 04:00,31
108,서울,2022-12-17 05:00,32
108,서울,2022-12-17 06:00,27
108,서울,2022-12-17 07:00,26
108,서울,2022-12-17 08:00,29
108,서울,2022-12-17 09:00,16
108,서울,2022-12-17 10:00,12
108,서울,2022-12-17 11:00,17
108,서울,2022-12-17 12:00,21
108,서울,2022-12-17 13:00,33
108,서울,2022-12-17 14:00,31
108,서울,2022-12-17 15:00,34
108,서울,2022-12-17 16:00,29
108,서울,2022-12-17 17:00,25
108,서울,2022-12-17 18:00,26
108,서울,2022-12-17 19:00,21
108,서울,2022-12-17 20:00,14
108,서울,2022-12-17 21:00,15
108,서울,2022-12-17 22:00,19
108,서울,2022-12-17 23:00,16
108,서울,2022-12-18 00:00,16
108,서울,2022-12-18 01:00,26
108,서울,2022-12-18 02:00,22
108,서울,2022-12-18 03:00,23
108,서울,2022-12-18 04:00,23
108,서울,2022-12-18 05:00,23
108,서울,2022-12-18 06:00,14
108,서울,2022-12-18 07:00,16
108,서울,2022-12-18 08:00,20
108,서울,2022-12-18 09:00,21
108,서울,2022-12-18 10:00,21
108,서울,2022-12-18 11:00,34
108,서울,2022-12-18 12:00,33
108,서울,2022-12-18 13:00,32
108,서울,2022-12-18 14:00,32
108,서울,2022-12-18 15:00,30
108,서울,2022-12-18 16:00,26
108,서울,2022-12-18 17:00,25
108,서울,2022-12-18 18:00,22
108,서울,2022-12-18 19:00,13
108,서울,2022-12-18 20:00,23
108,서울,2022-12-18 21:00,14
108,서울,2022-12-18 22:00,22
108,서울,2022-12-18 23:00,14
108,서울,2022-12-19 00:00,11
108,서울,2022-12-19 01:00,19
108,서울,2022-12-19 02:00,21
108,서울,2022-12-19 03:00,21
108,서울,2022-12-19 04:00,20
108,서울,2022-12-19 05:00,14
108,서울,2022-12-19 06:00,17
108,서울,2022-12-19 07:00,20
108,서울,2022-12-19 08:00,21
108,서울,2022-12-19 09:00,20
108,서울,2022-12-19 10:00,26
108,서울,2022-12-19 11:00,24
108,서울,2022-12-19 12:00,27
108,서울,2022-12-19 13:00,22
108,서울,2022-12-19 14:00,29
108,서울,2022-12-19 15:00,30
108,서울,2022-12-19 16:00,30
108,서울,2022-12-19 17:00,25
108,서울,2022-12-19 18:00,25
108,서울,2022-12-19 19:00,24
108,서울,2022-12-19 20:00,22
108,서울,2022-12-19 21:00,20
108,서울,2022-12-19 22:00,29
108,서울,2022-12-19 23:00,23
108,서울,2022-12-20 00:00,25
108,서울,2022-12-20 01:00,20
108,서울,2022-12-20 02:00,29
108,서울,2022-12-20 03:00,24
108,서울,2022-12-20 04:00,23
108,서울,2022-12-20 05:00,34
108,서울,2022-12-20 06:00,37
108,서울,2022-12-20 07:00,39
108,서울,2022-12-20 08:00,39
108,서울,2022-12-20 09:00,41
108,서울,2022-12-20 13:00,41
108,서울,2022-12-20 14:00,40
108,서울,2022-12-20 15:00,45
108,서울,2022-12-20 16:00,35
108,서울,2022-12-20 17:00,16
108,서울,2022-12-20 19:00,31
108,서울,2022-12-20 20:00,41
108,서울,2022-12-20 21:00,34
108,서울,2022-12-20 22:00,30
108,서울,2022-12-20 23:00,28
108,서울,2022-12-21 00:00,24
108,서울,2022-12-21 01:00,33
108,서울,2022-12-21 02:00,33
108,서울,2022-12-21 03:00,31
108,서울,2022-12-21 04:00,24
108,서울,2022-12-21 05:00,28
108,서울,2022-12-21 06:00,30
108,서울,2022-12-21 07:00,17
108,서울,2022-12-21 08:00,23
108,서울,2022-12-21 09:00,19
108,서울,2022-12-21 10:00,18
108,서울,2022-12-21 11:00,22
108,서울,2022-12-21 12:00,26
108,서울,2022-12-21 13:00,36
108,서울,2022-12-21 14:00,37
108,서울,2022-12-21 15:00,42
108,서울,2022-12-21 16:00,47
108,서울,2022-12-21 17:00,60
108,서울,2022-12-21 18:00,58
108,서울,2022-12-21 19:00,51
108,서울,2022-12-21 20:00,59
108,서울,2022-12-21 21:00,35
108,서울,2022-12-21 22:00,55
108,서울,2022-12-21 23:00,75
108,서울,2022-12-22 00:00,85
108,서울,2022-12-22 01:00,83
108,서울,2022-12-22 02:00,68
108,서울,2022-12-22 03:00,43
108,서울,2022-12-22 04:00,35
108,서울,2022-12-22 05:00,26
108,서울,2022-12-22 06:00,29
108,서울,2022-12-22 07:00,28
108,서울,2022-12-22 08:00,25
108,서울,2022-12-22 09:00,26
108,서울,2022-12-22 10:00,27
108,서울,2022-12-22 11:00,34
108,서울,2022-12-22 12:00,31
108,서울,2022-12-22 13:00,32
108,서울,2022-12-22 14:00,20
108,서울,2022-12-22 15:00,15
108,서울,2022-12-22 16:00,29
108,서울,2022-12-22 17:00,18
108,서울,2022-12-22 18:00,17
108,서울,2022-12-22 19:00,18
108,서울,2022-12-22 20:00,23
108,서울,2022-12-22 21:00,18
108,서울,2022-12-22 22:00,20
108,서울,2022-12-22 23:00,23
108,서울,2022-12-23 00:00,20
108,서울,2022-12-23 01:00,20
108,서울,2022-12-23 02:00,27
108,서울,2022-12-23 03:00,28
108,서울,2022-12-23 04:00,20
108,서울,2022-12-23 05:00,24
108,서울,2022-12-23 06:00,22
108,서울,2022-12-23 07:00,19
108,서울,2022-12-23 08:00,17
108,서울,2022-12-23 09:00,19
108,서울,2022-12-23 10:00,17
108,서울,2022-12-23 11:00,27
108,서울,2022-12-23 12:00,25
108,서울,2022-12-23 13:00,25
108,서울,2022-12-23 14:00,31
108,서울,2022-12-23 15:00,21
108,서울,2022-12-23 16:00,29
108,서울,2022-12-23 17:00,27
108,서울,2022-12-23 18:00,26
108,서울,2022-12-23 19:00,21
108,서울,2022-12-23 20:00,13
108,서울,2022-12-23 21:00,18
108,서울,2022-12-23 22:00,21
108,서울,2022-12-23 23:00,17
108,서울,2022-12-24 00:00,24
108,서울,2022-12-24 01:00,21
108,서울,2022-12-24 02:00,18
108,서울,2022-12-24 03:00,21
108,서울,2022-12-24 04:00,17
108,서울,2022-12-24 05:00,22
108,서울,2022-12-24 06:00,18
108,서울,2022-12-24 07:00,21
108,서울,2022-12-24 08:00,27
108,서울,2022-12-24 09:00,22
108,서울,2022-12-24 10:00,24
108,서울,2022-12-24 11:00,36
108,서울,2022-12-24 12:00,33
108,서울,2022-12-24 13:00,44
108,서울,2022-12-24 14:00,37
108,서울,2022-12-24 15:00,49
108,서울,2022-12-24 16:00,42
108,서울,2022-12-24 17:00,49
108,서울,2022-12-24 18:00,46
108,서울,2022-12-24 19:00,26
108,서울,2022-12-24 20:00,27
108,서울,2022-12-24 21:00,27
108,서울,2022-12-24 22:00,31
108,서울,2022-12-24 23:00,33
108,서울,2022-12-25 00:00,30
108,서울,2022-12-25 01:00,47
108,서울,2022-12-25 02:00,39
108,서울,2022-12-25 03:00,41
108,서울,2022-12-25 04:00,40
108,서울,2022-12-25 05:00,40
108,서울,2022-12-25 06:00,37
108,서울,2022-12-25 07:00,40
108,서울,2022-12-25 08:00,37
108,서울,2022-12-25 09:00,41
108,서울,2022-12-25 10:00,39
108,서울,2022-12-25 11:00,47
108,서울,2022-12-25 12:00,38
108,서울,2022-12-25 13:00,33
108,서울,2022-12-25 14:00,48
108,서울,2022-12-25 15:00,41
108,서울,2022-12-25 16:00,49
108,서울,2022-12-25 17:00,40
108,서울,2022-12-25 18:00,44
108,서울,2022-12-25 19:00,39
108,서울,2022-12-25 20:00,36
108,서울,2022-12-25 21:00,45
108,서울,2022-12-25 22:00,46
108,서울,2022-12-25 23:00,39
108,서울,2022-12-26 00:00,38
108,서울,2022-12-26 01:00,39
108,서울,2022-12-26 02:00,45
108,서울,2022-12-26 03:00,44
108,서울,2022-12-26 04:00,49
108,서울,2022-12-26 05:00,45
108,서울,2022-12-26 06:00,46
108,서울,2022-12-26 07:00,44
108,서울,2022-12-26 08:00,48
108,서울,2022-12-26 09:00,49
108,서울,2022-12-26 10:00,52
108,서울,2022-12-26 11:00,59
108,서울,2022-12-26 12:00,78
108,서울,2022-12-26 13:00,69
108,서울,2022-12-26 14:00,65
108,서울,2022-12-26 16:00,63
108,서울,2022-12-26 17:00,34
108,서울,2022-12-26 18:00,33
108,서울,2022-12-26 19:00,27
108,서울,2022-12-26 20:00,25
108,서울,2022-12-26 21:00,33
108,서울,2022-12-26 22:00,35
108,서울,2022-12-26 23:00,39
108,서울,2022-12-27 00:00,38
108,서울,2022-12-27 01:00,40
108,서울,2022-12-27 02:00,40
108,서울,2022-12-27 03:00,46
108,서울,2022-12-27 04:00,41
108,서울,2022-12-27 05:00,42
108,서울,2022-12-27 06:00,44
108,서울,2022-12-27 07:00,44
108,서울,2022-12-27 08:00,45
108,서울,2022-12-27 09:00,46
108,서울,2022-12-27 10:00,49
108,서울,2022-12-27 11:00,68
108,서울,2022-12-27 12:00,73
108,서울,2022-12-27 13:00,78
108,서울,2022-12-27 14:00,57
108,서울,2022-12-27 15:00,51
108,서울,2022-12-27 16:00,37
108,서울,2022-12-27 17:00,45
108,서울,2022-12-27 18:00,43
108,서울,2022-12-27 19:00,37
108,서울,2022-12-27 20:00,33
108,서울,2022-12-27 21:00,27
108,서울,2022-12-27 22:00,36
108,서울,2022-12-27 23:00,41
108,서울,2022-12-28 00:00,34
108,서울,2022-12-28 01:00,31
108,서울,2022-12-28 02:00,39
108,서울,2022-12-28 03:00,37
108,서울,2022-12-28 04:00,37
108,서울,2022-12-28 05:00,43
108,서울,2022-12-28 06:00,48
108,서울,2022-12-28 07:00,39
108,서울,2022-12-28 08:00,33
108,서울,2022-12-28 09:00,25
108,서울,2022-12-28 10:00,22
108,서울,2022-12-28 11:00,33
108,서울,2022-12-28 12:00,34
108,서울,2022-12-28 13:00,44
108,서울,2022-12-28 14:00,35
108,서울,2022-12-28 15:00,38
108,서울,2022-12-28 16:00,38
108,서울,2022-12-28 17:00,38
108,서울,2022-12-28 18:00,25
108,서울,2022-12-28 19:00,36
108,서울,2022-12-28 20:00,29
108,서울,2022-12-28 21:00,30
108,서울,2022-12-28 22:00,33
108,서울,2022-12-28 23:00,32
108,서울,2022-12-29 00:00,30
108,서울,2022-12-29 01:00,24
108,서울,2022-12-29 02:00,31
108,서울,2022-12-29 03:00,24
108,서울,2022-12-29 04:00,23
108,서울,2022-12-29 05:00,28
108,서울,2022-12-29 06:00,23
108,서울,2022-12-29 07:00,25
108,서울,2022-12-29 08:00,28
108,서울,2022-12-29 09:00,27
108,서울,2022-12-29 10:00,30
108,서울,2022-12-29 11:00,33
108,서울,2022-12-29 12:00,39
108,서울,2022-12-29 13:00,33
108,서울,2022-12-29 14:00,32
108,서울,2022-12-29 15:00,30
108,서울,2022-12-29 16:00,34
108,서울,2022-12-29 17:00,37
108,서울,2022-12-29 18:00,31
108,서울,2022-12-29 19:00,23
108,서울,2022-12-29 20:00,31
108,서울,2022-12-29 21:00,39
108,서울,2022-12-29 22:00,33
108,서울,2022-12-29 23:00,33
108,서울,2022-12-30 00:00,37
108,서울,2022-12-30 01:00,37
108,서울,2022-12-30 02:00,43
108,서울,2022-12-30 03:00,38
108,서울,2022-12-30 04:00,38
108,서울,2022-12-30 05:00,32
108,서울,2022-12-30 06:00,34
108,서울,2022-12-30 07:00,38
108,서울,2022-12-30 08:00,38
108,서울,2022-12-30 09:00,39
108,서울,2022-12-30 10:00,40
108,서울,2022-12-30 11:00,45
108,서울,2022-12-30 12:00,47
108,서울,2022-12-30 13:00,37
108,서울,2022-12-30 14:00,32
108,서울,2022-12-30 15:00,17
108,서울,2022-12-30 16:00,30
108,서울,2022-12-30 17:00,20
108,서울,2022-12-30 18:00,22
108,서울,2022-12-30 19:00,24
108,서울,2022-12-30 20:00,27
108,서울,2022-12-30 21:00,36
108,서울,2022-12-30 22:00,35
108,서울,2022-12-30 23:00,34
108,서울,2022-12-31 00:00,41
108,서울,2022-12-31 01:00,41
108,서울,2022-12-31 02:00,48
108,서울,2022-12-31 03:00,38
108,서울,2022-12-31 04:00,35
108,서울,2022-12-31 05:00,39
108,서울,2022-12-31 06:00,41
108,서울,2022-12-31 07:00,40
108,서울,2022-12-31 08:00,29
108,서울,2022-12-31 09:00,34
108,서울,2022-12-31 10:00,36
108,서울,2022-12-31 11:00,42
108,서울,2022-12-31 12:00,53
108,서울,2022-12-31 13:00,56
108,서울,2022-12-31 14:00,50
108,서울,2022-12-31 15:00,50
108,서울,2022-12-31 16:00,56
108,서울,2022-12-31 17:00,57
108,서울,2022-12-31 18:00,60
108,서울,2022-12-31 19:00,52
108,서울,2022-12-31 20:00,50
108,서울,2022-12-31 21:00,50
108,서울,2022-12-31 22:00,63
108,서울,2022-12-31 23:00,70
108,서울,2023-01-01 00:00,63
108,서울,2023-01-01 01:00,67
108,서울,2023-01-01 02:00,84
108,서울,2023-01-01 03:00,82
108,서울,2023-01-01 04:00,87
108,서울,2023-01-01 05:00,78
108,서울,2023-01-01 06:00,67
108,서울,2023-01-01 07:00,62
108,서울,2023-01-01 08:00,62
108,서울,2023-01-01 09:00,67
108,서울,2023-01-01 10:00,73
108,서울,2023-01-01 11:00,71
108,서울,2023-01-01 12:00,76
108,서울,2023-01-01 13:00,72
108,서울,2023-01-01 14:00,76
108,서울,2023-01-01 15:00,56
108,서울,2023-01-01 16:00,52
108,서울,2023-01-01 17:00,31
108,서울,2023-01-01 18:00,26
108,서울,2023-01-01 19:00,22
108,서울,2023-01-01 20:00,26
108,서울,2023-01-01 21:00,27
108,서울,2023-01-01 22:00,22
108,서울,2023-01-01 23:00,14
108,서울,2023-01-02 00:00,15
108,서울,2023-01-02 01:00,23
108,서울,2023-01-02 02:00,17
108,서울,2023-01-02 03:00,23
108,서울,2023-01-02 04:00,16
108,서울,2023-01-02 05:00,21
108,서울,2023-01-02 06:00,20
108,서울,2023-01-02 07:00,25
108,서울,2023-01-02 08:00,24
108,서울,2023-01-02 09:00,23
108,서울,2023-01-02 10:00,18
108,서울,2023-01-02 11:00,35
108,서울,2023-01-02 12:00,30
108,서울,2023-01-02 13:00,36
108,서울,2023-01-02 14:00,32
108,서울,2023-01-02 15:00,34
108,서울,2023-01-02 16:00,38
108,서울,2023-01-02 17:00,40
108,서울,2023-01-02 18:00,26
108,서울,2023-01-02 19:00,23
108,서울,2023-01-02 20:00,27
108,서울,2023-01-02 21:00,28
108,서울,2023-01-02 22:00,26
108,서울,2023-01-02 23:00,24
108,서울,2023-01-03 00:00,24
108,서울,2023-01-03 01:00,19
108,서울,2023-01-03 02:00,34
108,서울,2023-01-03 03:00,29
108,서울,2023-01-03 04:00,28
108,서울,2023-01-03 05:00,32
108,서울,2023-01-03 06:00,26
108,서울,2023-01-03 07:00,29
108,서울,2023-01-03 08:00,30
108,서울,2023-01-03 09:00,31
108,서울,2023-01-03 10:00,35
108,서울,2023-01-03 11:00,48
108,서울,2023-01-03 12:00,40
108,서울,2023-01-03 13:00,33
108,서울,2023-01-03 14:00,34
108,서울,2023-01-03 15:00,27
108,서울,2023-01-03 16:00,23
108,서울,2023-01-03 17:00,32
108,서울,2023-01-03 18:00,29
108,서울,2023-01-03 19:00,25
108,서울,2023-01-03 20:00,25
108,서울,2023-01-03 21:00,33
108,서울,2023-01-03 22:00,23
108,서울,2023-01-03 23:00,29
108,서울,2023-01-04 00:00,29
108,서울,2023-01-04 01:00,38
108,서울,2023-01-04 02:00,34
108,서울,2023-01-04 03:00,29
108,서울,2023-01-04 04:00,30
108,서울,2023-01-04 05:00,27
108,서울,2023-01-04 06:00,30
108,서울,2023-01-04 07:00,35
108,서울,2023-01-04 08:00,34
108,서울,2023-01-04 09:00,35
108,서울,2023-01-04 10:00,39
108,서울,2023-01-04 11:00,46
108,서울,2023-01-04 12:00,55
108,서울,2023-01-04 13:00,50
108,서울,2023-01-04 14:00,34
108,서울,2023-01-04 15:00,29
108,서울,2023-01-04 16:00,34
108,서울,2023-01-04 17:00,33
108,서울,2023-01-04 18:00,39
108,서울,2023-01-04 19:00,30
108,서울,2023-01-04 20:00,32
108,서울,2023-01-04 21:00,32
108,서울,2023-01-04 22:00,32
108,서울,2023-01-04 23:00,30
108,서울,2023-01-05 00:00,33
108,서울,2023-01-05 01:00,43
108,서울,2023-01-05 02:00,45
108,서울,2023-01-05 03:00,43
108,서울,2023-01-05 04:00,37
108,서울,2023-01-05 05:00,40
108,서울,2023-01-05 06:00,30
108,서울,2023-01-05 07:00,31
108,서울,2023-01-05 08:00,34
108,서울,2023-01-05 09:00,35
108,서울,2023-01-05 10:00,47
108,서울,2023-01-05 11:00,58
108,서울,2023-01-05 12:00,62
108,서울,2023-01-05 13:00,68
108,서울,2023-01-05 14:00,63
108,서울,2023-01-05 15:00,53
108,서울,2023-01-05 16:00,48
108,서울,2023-01-05 17:00,54
108,서울,2023-01-05 18:00,49
108,서울,2023-01-05 19:00,43
108,서울,2023-01-05 20:00,44
108,서울,2023-01-05 21:00,43
108,서울,2023-01-05 22:00,59
108,서울,2023-01-05 23:00,55
108,서울,2023-01-06 00:00,57
108,서울,2023-01-06 01:00,50
108,서울,2023-01-06 02:00,62
108,서울,2023-01-06 03:00,63
108,서울,2023-01-06 04:00,50
108,서울,2023-01-06 05:00,50
108,서울,2023-01-06 06:00,44
108,서울,2023-01-06 07:00,48
108,서울,2023-01-06 08:00,42
108,서울,2023-01-06 09:00,45
108,서울,2023-01-06 10:00,52
108,서울,2023-01-06 11:00,68
108,서울,2023-01-06 12:00,71
108,서울,2023-01-06 13:00,79
108,서울,2023-01-06 14:00,73
108,서울,2023-01-06 15:00,72
108,서울,2023-01-06 16:00,86
108,서울,2023-01-06 17:00,98
108,서울,2023-01-06 18:00,110
108,서울,2023-01-06 19:00,113
108,서울,2023-01-06 20:00,95
108,서울,2023-01-06 21:00,91
108,서울,2023-01-06 22:00,94
108,서울,2023-01-06 23:00,91
108,서울,2023-01-07 00:00,84
108,서울,2023-01-07 01:00,83
108,서울,2023-01-07 02:00,97
108,서울,2023-01-07 03:00,94
108,서울,2023-01-07 04:00,111
108,서울,2023-01-07 05:00,130
108,서울,2023-01-07 06:00,121
108,서울,2023-01-07 07:00,120
108,서울,2023-01-07 08:00,93
108,서울,2023-01-07 09:00,58
108,서울,2023-01-07 10:00,60
108,서울,2023-01-07 11:00,94
108,서울,2023-01-07 12:00,150
108,서울,2023-01-07 13:00,174
108,서울,2023-01-07 14:00,177
108,서울,2023-01-07 15:00,168
108,서울,2023-01-07 16:00,147
108,서울,2023-01-07 17:00,147
108,서울,2023-01-07 18:00,149
108,서울,2023-01-07 19:00,130
108,서울,2023-01-07 20:00,124
108,서울,2023-01-07 21:00,107
108,서울,2023-01-07 22:00,110
108,서울,2023-01-07 23:00,166
108,서울,2023-01-08 00:00,204
108,서울,2023-01-08 01:00,213
108,서울,2023-01-08 02:00,197
108,서울,2023-01-08 03:00,194
108,서울,2023-01-08 04:00,192
108,서울,2023-01-08 05:00,200
108,서울,2023-01-08 06:00,187
108,서울,2023-01-08 07:00,170
108,서울,2023-01-08 08:00,159
108,서울,2023-01-08 09:00,162
108,서울,2023-01-08 10:00,168
108,서울,2023-01-08 11:00,168
108,서울,2023-01-08 12:00,184
108,서울,2023-01-08 13:00,187
108,서울,2023-01-08 14:00,160
108,서울,2023-01-08 15:00,152
108,서울,2023-01-08 16:00,139
108,서울,2023-01-08 17:00,130
108,서울,2023-01-08 18:00,128
108,서울,2023-01-08 19:00,136
108,서울,2023-01-08 20:00,137
108,서울,2023-01-08 21:00,131
108,서울,2023-01-08 22:00,123
108,서울,2023-01-08 23:00,123
108,서울,2023-01-09 00:00,118
108,서울,2023-01-09 01:00,130
108,서울,2023-01-09 02:00,124
108,서울,2023-01-09 03:00,118
108,서울,2023-01-09 04:00,115
108,서울,2023-01-09 05:00,112
108,서울,2023-01-09 06:00,110
108,서울,2023-01-09 07:00,113
108,서울,2023-01-09 08:00,124
108,서울,2023-01-09 09:00,130
108,서울,2023-01-09 10:00,151
108,서울,2023-01-09 11:00,157
108,서울,2023-01-09 12:00,168
108,서울,2023-01-09 13:00,146
108,서울,2023-01-09 14:00,129
108,서울,2023-01-09 15:00,114
108,서울,2023-01-09 16:00,100
108,서울,2023-01-09 17:00,88
108,서울,2023-01-09 18:00,73
108,서울,2023-01-09 19:00,52
108,서울,2023-01-09 20:00,52
108,서울,2023-01-09 21:00,56
108,서울,2023-01-09 22:00,57
108,서울,2023-01-09 23:00,65
108,서울,2023-01-10 00:00,59
108,서울,2023-01-10 01:00,67
108,서울,2023-01-10 02:00,57
108,서울,2023-01-10 03:00,58
108,서울,2023-01-10 04:00,59
108,서울,2023-01-10 05:00,53
108,서울,2023-01-10 06:00,54
108,서울,2023-01-10 07:00,53
108,서울,2023-01-10 08:00,52
108,서울,2023-01-10 09:00,53
108,서울,2023-01-10 10:00,54
108,서울,2023-01-10 11:00,69
108,서울,2023-01-10 12:00,80
108,서울,2023-01-10 13:00,78
108,서울,2023-01-10 14:00,77
108,서울,2023-01-10 15:00,74
108,서울,2023-01-10 16:00,80
108,서울,2023-01-10 17:00,84
108,서울,2023-01-10 18:00,81
108,서울,2023-01-10 19:00,71
108,서울,2023-01-10 20:00,71
108,서울,2023-01-10 21:00,75
108,서울,2023-01-10 22:00,77
108,서울,2023-01-10 23:00,77
108,서울,2023-01-11 00:00,75
108,서울,2023-01-11 01:00,86
108,서울,2023-01-11 02:00,79
108,서울,2023-01-11 03:00,71
108,서울,2023-01-11 04:00,70
108,서울,2023-01-11 05:00,71
108,서울,2023-01-11 06:00,65
108,서울,2023-01-11 07:00,68
108,서울,2023-01-11 08:00,61
108,서울,2023-01-11 09:00,66
108,서울,2023-01-11 10:00,66
108,서울,2023-01-11 11:00,81
108,서울,2023-01-11 12:00,93
108,서울,2023-01-11 13:00,94
108,서울,2023-01-11 14:00,84
108,서울,2023-01-11 15:00,78
108,서울,2023-01-11 16:00,70
108,서울,2023-01-11 17:00,72
108,서울,2023-01-11 18:00,72
108,서울,2023-01-11 19:00,74
108,서울,2023-01-11 20:00,76
108,서울,2023-01-11 21:00,76
108,서울,2023-01-11 22:00,77
108,서울,2023-01-11 23:00,81
108,서울,2023-01-12 00:00,75
108,서울,2023-01-12 01:00,66
108,서울,2023-01-12 02:00,60
108,서울,2023-01-12 03:00,57
108,서울,2023-01-12 04:00,59
108,서울,2023-01-12 05:00,53
108,서울,2023-01-12 06:00,59
108,서울,2023-01-12 07:00,57
108,서울,2023-01-12 08:00,59
108,서울,2023-01-12 09:00,59
108,서울,2023-01-12 10:00,59
108,서울,2023-01-12 11:00,64
108,서울,2023-01-12 12:00,68
108,서울,2023-01-12 13:00,59
108,서울,2023-01-12 14:00,52
108,서울,2023-01-12 15:00,53
108,서울,2023-01-12 16:00,40
108,서울,2023-01-12 17:00,42
108,서울,2023-01-12 18:00,60
108,서울,2023-01-12 19:00,43
108,서울,2023-01-12 20:00,34
108,서울,2023-01-12 21:00,34
108,서울,2023-01-12 22:00,23
108,서울,2023-01-12 23:00,15
108,서울,2023-01-13 00:00,30
108,서울,2023-01-13 01:00,42
108,서울,2023-01-13 02:00,39
108,서울,2023-01-13 03:00,27
108,서울,2023-01-13 04:00,18
108,서울,2023-01-13 05:00,17
108,서울,2023-01-13 06:00,11
108,서울,2023-01-13 07:00,9
108,서울,2023-01-13 08:00,9
108,서울,2023-01-13 09:00,8
108,서울,2023-01-13 10:00,4
108,서울,2023-01-13 11:00,6
108,서울,2023-01-13 12:00,5
108,서울,2023-01-13 13:00,11
108,서울,2023-01-13 14:00,18
108,서울,2023-01-13 15:00,16
108,서울,2023-01-13 16:00,14
108,서울,2023-01-13 17:00,12
108,서울,2023-01-13 18:00,15
108,서울,2023-01-13 19:00,21
108,서울,2023-01-13 20:00,14
108,서울,2023-01-13 21:00,17
108,서울,2023-01-13 22:00,13
108,서울,2023-01-13 23:00,13
108,서울,2023-01-14 00:00,18
108,서울,2023-01-14 01:00,14
108,서울,2023-01-14 02:00,19
108,서울,2023-01-14 03:00,23
108,서울,2023-01-14 04:00,16
108,서울,2023-01-14 05:00,14
108,서울,2023-01-14 06:00,18
108,서울,2023-01-14 07:00,14
108,서울,2023-01-14 08:00,19
108,서울,2023-01-14 09:00,13
108,서울,2023-01-14 10:00,11
108,서울,2023-01-14 11:00,17
108,서울,2023-01-14 12:00,10
108,서울,2023-01-14 13:00,11
108,서울,2023-01-14 14:00,8
108,서울,2023-01-14 15:00,6
108,서울,2023-01-14 16:00,7
108,서울,2023-01-14 21:00,5
108,서울,2023-01-15 09:00,5
108,서울,2023-01-15 11:00,7
108,서울,2023-01-15 12:00,10
108,서울,2023-01-15 13:00,17
108,서울,2023-01-15 14:00,18
108,서울,2023-01-15 15:00,21
108,서울,2023-01-15 16:00,23
108,서울,2023-01-15 17:00,24
108,서울,2023-01-15 18:00,24
108,서울,2023-01-15 19:00,23
108,서울,2023-01-15 20:00,23
108,서울,2023-01-15 21:00,18
108,서울,2023-01-15 22:00,23
108,서울,2023-01-15 23:00,19
108,서울,2023-01-16 00:00,25
108,서울,2023-01-16 01:00,29
108,서울,2023-01-16 02:00,26
108,서울,2023-01-16 03:00,27
108,서울,2023-01-16 04:00,27
108,서울,2023-01-16 05:00,22
108,서울,2023-01-16 06:00,19
108,서울,2023-01-16 07:00,20
108,서울,2023-01-16 08:00,27
108,서울,2023-01-16 09:00,26
108,서울,2023-01-16 10:00,22
108,서울,2023-01-16 11:00,22
108,서울,2023-01-16 12:00,32
108,서울,2023-01-16 13:00,28
108,서울,2023-01-16 14:00,29
108,서울,2023-01-16 15:00,25
108,서울,2023-01-16 16:00,27
108,서울,2023-01-16 17:00,25
108,서울,2023-01-16 18:00,23
108,서울,2023-01-16 19:00,20
108,서울,2023-01-16 20:00,13
108,서울,2023-01-16 21:00,18
108,서울,2023-01-16 22:00,19
108,서울,2023-01-16 23:00,10
108,서울,2023-01-17 00:00,17
108,서울,2023-01-17 01:00,15
108,서울,2023-01-17 02:00,17
108,서울,2023-01-17 03:00,24
108,서울,2023-01-17 04:00,17
108,서울,2023-01-17 05:00,24
108,서울,2023-01-17 06:00,26
108,서울,2023-01-17 07:00,24
108,서울,2023-01-17 08:00,23
108,서울,2023-01-17 09:00,30
108,서울,2023-01-17 10:00,33
108,서울,2023-01-17 11:00,26
108,서울,2023-01-17 12:00,32
108,서울,2023-01-17 13:00,41
108,서울,2023-01-17 14:00,43
108,서울,2023-01-17 15:00,60
108,서울,2023-01-17 16:00,48
108,서울,2023-01-17 17:00,41
108,서울,2023-01-17 18:00,45
108,서울,2023-01-17 19:00,45
108,서울,2023-01-17 20:00,48
108,서울,2023-01-17 21:00,39
108,서울,2023-01-17 22:00,43
108,서울,2023-01-17 23:00,38
108,서울,2023-01-18 00:00,37
108,서울,2023-01-18 01:00,37
108,서울,2023-01-18 02:00,45
108,서울,2023-01-18 03:00,45
108,서울,2023-01-18 04:00,45
108,서울,2023-01-18 05:00,46
108,서울,2023-01-18 06:00,40
108,서울,2023-01-18 07:00,51
108,서울,2023-01-18 08:00,44
108,서울,2023-01-18 09:00,37
108,서울,2023-01-18 10:00,52
108,서울,2023-01-18 11:00,79
108,서울,2023-01-18 12:00,109
108,서울,2023-01-18 13:00,108
108,서울,2023-01-18 14:00,94
108,서울,2023-01-18 15:00,60
108,서울,2023-01-18 16:00,59
108,서울,2023-01-18 17:00,59
108,서울,2023-01-18 18:00,37
108,서울,2023-01-18 19:00,29
108,서울,2023-01-18 20:00,52
108,서울,2023-01-18 21:00,64
108,서울,2023-01-18 22:00,62
108,서울,2023-01-18 23:00,66
108,서울,2023-01-19 00:00,61
108,서울,2023-01-19 01:00,66
108,서울,2023-01-19 02:00,60
108,서울,2023-01-19 03:00,61
108,서울,2023-01-19 04:00,65
108,서울,2023-01-19 05:00,64
108,서울,2023-01-19 06:00,58
108,서울,2023-01-19 07:00,56
108,서울,2023-01-19 08:00,55
108,서울,2023-01-19 09:00,59
108,서울,2023-01-19 10:00,58
108,서울,2023-01-19 11:00,72
108,서울,2023-01-19 12:00,76
108,서울,2023-01-19 13:00,79
108,서울,2023-01-19 14:00,77
108,서울,2023-01-19 15:00,74
108,서울,2023-01-19 16:00,82
108,서울,2023-01-19 17:00,87
108,서울,2023-01-19 18:00,97
108,서울,2023-01-19 19:00,85
108,서울,2023-01-19 20:00,90
108,서울,2023-01-19 21:00,89
108,서울,2023-01-19 22:00,87
108,서울,2023-01-19 23:00,85
108,서울,2023-01-20 00:00,81
108,서울,2023-01-20 01:00,63
108,서울,2023-01-20 02:00,55
108,서울,2023-01-20 03:00,130
108,서울,2023-01-20 04:00,176
108,서울,2023-01-20 05:00,189
108,서울,2023-01-20 06:00,211
108,서울,2023-01-20 07:00,189
108,서울,2023-01-20 08:00,167
108,서울,2023-01-20 09:00,119
108,서울,2023-01-20 10:00,63
108,서울,2023-01-20 11:00,41
108,서울,2023-01-20 12:00,47
108,서울,2023-01-20 13:00,43
108,서울,2023-01-20 14:00,48
108,서울,2023-01-20 15:00,32
108,서울,2023-01-20 16:00,27
108,서울,2023-01-20 17:00,34
108,서울,2023-01-20 18:00,31
108,서울,2023-01-20 19:00,23
108,서울,2023-01-20 20:00,17
108,서울,2023-01-20 21:00,20
108,서울,2023-01-20 22:00,24
108,서울,2023-01-20 23:00,23
108,서울,2023-01-21 00:00,28
108,서울,2023-01-21 01:00,34
108,서울,2023-01-21 02:00,29
108,서울,2023-01-21 03:00,33
108,서울,2023-01-21 04:00,36
108,서울,2023-01-21 05:00,32
108,서울,2023-01-21 06:00,30
108,서울,2023-01-21 07:00,26
108,서울,2023-01-21 08:00,28
108,서울,2023-01-21 09:00,23
108,서울,2023-01-21 10:00,33
108,서울,2023-01-21 11:00,35
108,서울,2023-01-21 12:00,35
108,서울,2023-01-21 13:00,33
108,서울,2023-01-21 14:00,27
108,서울,2023-01-21 15:00,34
108,서울,2023-01-21 16:00,24
108,서울,2023-01-21 17:00,29
108,서울,2023-01-21 18:00,28
108,서울,2023-01-21 19:00,20
108,서울,2023-01-21 20:00,20
108,서울,2023-01-21 21:00,19
108,서울,2023-01-21 22:00,22
108,서울,2023-01-21 23:00,23
108,서울,2023-01-22 00:00,23
108,서울,2023-01-22 01:00,17
108,서울,2023-01-22 02:00,24
108,서울,2023-01-22 03:00,21
108,서울,2023-01-22 04:00,22
108,서울,2023-01-22 05:00,21
108,서울,2023-01-22 06:00,24
108,서울,2023-01-22 07:00,20
108,서울,2023-01-22 08:00,20
108,서울,2023-01-22 09:00,17
108,서울,2023-01-22 10:00,22
108,서울,2023-01-22 11:00,26
108,서울,2023-01-22 12:00,23
108,서울,2023-01-22 13:00,32
108,서울,2023-01-22 14:00,33
108,서울,2023-01-22 15:00,40
108,서울,2023-01-22 16:00,44
108,서울,2023-01-22 17:00,49
108,서울,2023-01-22 18:00,42
108,서울,2023-01-22 19:00,41
108,서울,2023-01-22 20:00,40
108,서울,2023-01-22 21:00,37
108,서울,2023-01-22 22:00,39
108,서울,2023-01-22 23:00,39
108,서울,2023-01-23 00:00,37
108,서울,2023-01-23 01:00,45
108,서울,2023-01-23 02:00,38
108,서울,2023-01-23 03:00,44
108,서울,2023-01-23 04:00,46
108,서울,2023-01-23 05:00,38
108,서울,2023-01-23 06:00,39
108,서울,2023-01-23 07:00,39
108,서울,2023-01-23 08:00,44
108,서울,2023-01-23 09:00,38
108,서울,2023-01-23 10:00,44
108,서울,2023-01-23 11:00,43
108,서울,2023-01-23 12:00,62
108,서울,2023-01-23 13:00,83
108,서울,2023-01-23 14:00,82
108,서울,2023-01-23 15:00,78
108,서울,2023-01-23 16:00,78
108,서울,2023-01-23 17:00,73
108,서울,2023-01-23 18:00,90
108,서울,2023-01-23 19:00,98
108,서울,2023-01-23 20:00,72
108,서울,2023-01-23 21:00,73
108,서울,2023-01-23 22:00,83
108,서울,2023-01-23 23:00,65
108,서울,2023-01-24 00:00,34
108,서울,2023-01-24 01:00,32
108,서울,2023-01-24 02:00,41
108,서울,2023-01-24 03:00,31
108,서울,2023-01-24 04:00,34
108,서울,2023-01-24 05:00,28
108,서울,2023-01-24 06:00,30
108,서울,2023-01-24 07:00,31
108,서울,2023-01-24 08:00,27
108,서울,2023-01-24 09:00,34
108,서울,2023-01-24 10:00,33
108,서울,2023-01-24 11:00,35
108,서울,2023-01-24 12:00,36
108,서울,2023-01-24 13:00,33
108,서울,2023-01-24 14:00,47
108,서울,2023-01-24 15:00,37
108,서울,2023-01-24 16:00,43
108,서울,2023-01-24 17:00,39
108,서울,2023-01-24 18:00,46
108,서울,2023-01-24 19:00,30
108,서울,2023-01-24 20:00,33
108,서울,2023-01-24 21:00,28
108,서울,2023-01-24 22:00,32
108,서울,2023-01-24 23:00,25
108,서울,2023-01-25 00:00,24
108,서울,2023-01-25 01:00,26
108,서울,2023-01-25 02:00,21
108,서울,2023-01-25 03:00,25
108,서울,2023-01-25 04:00,27
108,서울,2023-01-25 05:00,21
108,서울,2023-01-25 06:00,25
108,서울,2023-01-25 07:00,16
108,서울,2023-01-25 08:00,25
108,서울,2023-01-25 09:00,19
108,서울,2023-01-25 10:00,22
108,서울,2023-01-25 11:00,39
108,서울,2023-01-25 12:00,38
108,서울,2023-01-25 13:00,33
108,서울,2023-01-25 14:00,24
108,서울,2023-01-25 15:00,21
108,서울,2023-01-25 16:00,23
108,서울,2023-01-25 17:00,23
108,서울,2023-01-25 18:00,25
108,서울,2023-01-25 19:00,18
108,서울,2023-01-25 20:00,20
108,서울,2023-01-25 21:00,13
108,서울,2023-01-25 22:00,25
108,서울,2023-01-25 23:00,26
108,서울,2023-01-26 00:00,23
108,서울,2023-01-26 01:00,18
108,서울,2023-01-26 02:00,23
108,서울,2023-01-26 03:00,33
108,서울,2023-01-26 04:00,29
108,서울,2023-01-26 05:00,54
108,서울,2023-01-26 06:00,37
108,서울,2023-01-26 07:00,37
108,서울,2023-01-26 08:00,28
108,서울,2023-01-26 09:00,27
108,서울,2023-01-26 10:00,29
108,서울,2023-01-26 11:00,27
108,서울,2023-01-26 12:00,24
108,서울,2023-01-26 13:00,34
108,서울,2023-01-26 14:00,23
108,서울,2023-01-26 15:00,27
108,서울,2023-01-26 16:00,30
108,서울,2023-01-26 17:00,25
108,서울,2023-01-26 18:00,27
108,서울,2023-01-26 19:00,25
108,서울,2023-01-26 20:00,24
108,서울,2023-01-26 21:00,32
108,서울,2023-01-26 22:00,36
108,서울,2023-01-26 23:00,31
108,서울,2023-01-27 00:00,36
108,서울,2023-01-27 01:00,60
108,서울,2023-01-27 02:00,58
108,서울,2023-01-27 03:00,60
108,서울,2023-01-27 04:00,69
108,서울,2023-01-27 05:00,61
108,서울,2023-01-27 06:00,69
108,서울,2023-01-27 07:00,63
108,서울,2023-01-27 08:00,54
108,서울,2023-01-27 09:00,45
108,서울,2023-01-27 10:00,36
108,서울,2023-01-27 11:00,45
108,서울,2023-01-27 12:00,35
108,서울,2023-01-27 13:00,27
108,서울,2023-01-27 14:00,52
108,서울,2023-01-27 15:00,47
108,서울,2023-01-27 16:00,33
108,서울,2023-01-27 17:00,50
108,서울,2023-01-27 18:00,55
108,서울,2023-01-27 19:00,37
108,서울,2023-01-27 20:00,34
108,서울,2023-01-27 21:00,32
108,서울,2023-01-27 22:00,44
108,서울,2023-01-27 23:00,41
108,서울,2023-01-28 00:00,36
108,서울,2023-01-28 01:00,42
108,서울,2023-01-28 02:00,31
108,서울,2023-01-28 03:00,34
108,서울,2023-01-28 04:00,33
108,서울,2023-01-28 05:00,36
108,서울,2023-01-28 06:00,31
108,서울,2023-01-28 07:00,31
108,서울,2023-01-28 08:00,28
108,서울,2023-01-28 09:00,26
108,서울,2023-01-28 10:00,31
108,서울,2023-01-28 11:00,39
108,서울,2023-01-28 12:00,42
108,서울,2023-01-28 13:00,40
108,서울,2023-01-28 14:00,38
108,서울,2023-01-28 15:00,43
108,서울,2023-01-28 16:00,59
108,서울,2023-01-28 17:00,70
108,서울,2023-01-28 18:00,78
108,서울,2023-01-28 19:00,70
108,서울,2023-01-28 20:00,56
108,서울,2023-01-28 21:00,57
108,서울,2023-01-28 22:00,51
108,서울,2023-01-28 23:00,32
108,서울,2023-01-29 00:00,32
108,서울,2023-01-29 01:00,36
108,서울,2023-01-29 02:00,32
108,서울,2023-01-29 03:00,32
108,서울,2023-01-29 04:00,30
108,서울,2023-01-29 05:00,33
108,서울,2023-01-29 06:00,36
108,서울,2023-01-29 07:00,28
108,서울,2023-01-29 08:00,34
108,서울,2023-01-29 09:00,32
108,서울,2023-01-29 10:00,35
108,서울,2023-01-29 11:00,44
108,서울,2023-01-29 12:00,43
108,서울,2023-01-29 13:00,48
108,서울,2023-01-29 14:00,51
108,서울,2023-01-29 15:00,59
108,서울,2023-01-29 16:00,65
108,서울,2023-01-29 17:00,59
108,서울,2023-01-29 18:00,59
108,서울,2023-01-29 19:00,71
108,서울,2023-01-29 20:00,84
108,서울,2023-01-29 21:00,90
108,서울,2023-01-29 22:00,117
108,서울,2023-01-29 23:00,108
108,서울,2023-01-30 00:00,86
108,서울,2023-01-30 01:00,65
108,서울,2023-01-30 02:00,72
108,서울,2023-01-30 03:00,68
108,서울,2023-01-30 04:00,73
108,서울,2023-01-30 05:00,72
108,서울,2023-01-30 06:00,71
108,서울,2023-01-30 07:00,68
108,서울,2023-01-30 08:00,66
108,서울,2023-01-30 09:00,51
108,서울,2023-01-30 10:00,53
108,서울,2023-01-30 11:00,51
108,서울,2023-01-30 12:00,44
108,서울,2023-01-30 13:00,45
108,서울,2023-01-30 14:00,37
108,서울,2023-01-30 15:00,36
108,서울,2023-01-30 16:00,41
108,서울,2023-01-30 17:00,38
108,서울,2023-01-30 18:00,45
108,서울,2023-01-30 19:00,36
108,서울,2023-01-30 20:00,33
108,서울,2023-01-30 21:00,42
108,서울,2023-01-30 22:00,42
108,서울,2023-01-30 23:00,37
108,서울,2023-01-31 00:00,40
