지점,지점명,일시,기온(°C)
108,서울,21-1-8 0:01,-15.9
108,서울,21-1-8 0:02,-15.9
108,서울,21-1-8 0:03,-15.9
108,서울,21-1-8 0:04,-16
108,서울,21-1-8 0:05,-16
108,서울,21-1-8 0:06,-16
108,서울,21-1-8 0:07,-16
108,서울,21-1-8 0:08,-16
108,서울,21-1-8 0:09,-16
108,서울,21-1-8 0:10,-16
108,서울,21-1-8 0:11,-16
108,서울,21-1-8 0:12,-16
108,서울,21-1-8 0:13,-16
108,서울,21-1-8 0:14,-16
108,서울,21-1-8 0:15,-16
108,서울,21-1-8 0:16,-16
108,서울,21-1-8 0:17,-16
108,서울,21-1-8 0:18,-16
108,서울,21-1-8 0:19,-16.1
108,서울,21-1-8 0:20,-16.1
108,서울,21-1-8 0:21,-16.1
108,서울,21-1-8 0:22,-16.1
108,서울,21-1-8 0:23,-16.1
108,서울,21-1-8 0:24,-16.1
108,서울,21-1-8 0:25,-16.2
108,서울,21-1-8 0:26,-16.2
108,서울,21-1-8 0:27,-16.2
108,서울,21-1-8 0:28,-16.2
108,서울,21-1-8 0:29,-16.2
108,서울,21-1-8 0:30,-16.2
108,서울,21-1-8 0:31,-16.2
108,서울,21-1-8 0:32,-16.2
108,서울,21-1-8 0:33,-16.2
108,서울,21-1-8 0:34,-16.2
108,서울,21-1-8 0:35,-16.2
108,서울,21-1-8 0:36,-16.2
108,서울,21-1-8 0:37,-16.2
108,서울,21-1-8 0:38,-16.2
108,서울,21-1-8 0:39,-16.2
108,서울,21-1-8 0:40,-16.2
108,서울,21-1-8 0:41,-16.2
108,서울,21-1-8 0:42,-16.3
108,서울,21-1-8 0:43,-16.3
108,서울,21-1-8 0:44,-16.3
108,서울,21-1-8 0:45,-16.3
108,서울,21-1-8 0:46,-16.3
108,서울,21-1-8 0:47,-16.3
108,서울,21-1-8 0:48,-16.3
108,서울,21-1-8 0:49,-16.3
108,서울,21-1-8 0:50,-16.4
108,서울,21-1-8 0:51,-16.4
108,서울,21-1-8 0:52,-16.4
108,서울,21-1-8 0:53,-16.4
108,서울,21-1-8 0:54,-16.4
108,서울,21-1-8 0:55,-16.5
108,서울,21-1-8 0:56,-16.5
108,서울,21-1-8 0:57,-16.5
108,서울,21-1-8 0:58,-16.5
108,서울,21-1-8 0:59,-16.5
108,서울,21-1-8 1:00,-16.5
108,서울,21-1-8 1:01,-16.5
108,서울,21-1-8 1:02,-16.5
108,서울,21-1-8 1:03,-16.5
108,서울,21-1-8 1:04,-16.5
108,서울,21-1-8 1:05,-16.5
108,서울,21-1-8 1:06,-16.5
108,서울,21-1-8 1:07,-16.4
108,서울,21-1-8 1:08,-16.4
108,서울,21-1-8 1:09,-16.5
108,서울,21-1-8 1:10,-16.5
108,서울,21-1-8 1:11,-16.5
108,서울,21-1-8 1:12,-16.5
108,서울,21-1-8 1:13,-16.5
108,서울,21-1-8 1:14,-16.5
108,서울,21-1-8 1:15,-16.5
108,서울,21-1-8 1:16,-16.5
108,서울,21-1-8 1:17,-16.5
108,서울,21-1-8 1:18,-16.6
108,서울,21-1-8 1:19,-16.6
108,서울,21-1-8 1:20,-16.6
108,서울,21-1-8 1:21,-16.6
108,서울,21-1-8 1:22,-16.6
108,서울,21-1-8 1:23,-16.6
108,서울,21-1-8 1:24,-16.6
108,서울,21-1-8 1:25,-16.6
108,서울,21-1-8 1:26,-16.6
108,서울,21-1-8 1:27,-16.6
108,서울,21-1-8 1:28,-16.6
108,서울,21-1-8 1:29,-16.7
108,서울,21-1-8 1:30,-16.7
108,서울,21-1-8 1:31,-16.7
108,서울,21-1-8 1:32,-16.7
108,서울,21-1-8 1:33,-16.7
108,서울,21-1-8 1:34,-16.7
108,서울,21-1-8 1:35,-16.8
108,서울,21-1-8 1:36,-16.8
108,서울,21-1-8 1:37,-16.8
108,서울,21-1-8 1:38,-16.8
108,서울,21-1-8 1:39,-16.8
108,서울,21-1-8 1:40,-16.8
108,서울,21-1-8 1:41,-16.8
108,서울,21-1-8 1:42,-16.8
108,서울,21-1-8 1:43,-16.8
108,서울,21-1-8 1:44,-16.8
108,서울,21-1-8 1:45,-16.8
108,서울,21-1-8 1:46,-16.8
108,서울,21-1-8 1:47,-16.8
108,서울,21-1-8 1:48,-16.8
108,서울,21-1-8 1:49,-16.8
108,서울,21-1-8 1:50,-16.8
108,서울,21-1-8 1:51,-16.8
108,서울,21-1-8 1:52,-16.8
108,서울,21-1-8 1:53,-16.8
108,서울,21-1-8 1:54,-16.8
108,서울,21-1-8 1:55,-16.8
108,서울,21-1-8 1:56,-16.8
108,서울,21-1-8 1:57,-16.8
108,서울,21-1-8 1:58,-16.8
108,서울,21-1-8 1:59,-16.8
108,서울,21-1-8 2:00,-16.9
108,서울,21-1-8 2:01,-16.9
108,서울,21-1-8 2:02,-16.9
108,서울,21-1-8 2:03,-16.9
108,서울,21-1-8 2:04,-16.9
108,서울,21-1-8 2:05,-16.9
108,서울,21-1-8 2:06,-16.9
108,서울,21-1-8 2:07,-16.8
108,서울,21-1-8 2:08,-16.8
108,서울,21-1-8 2:09,-16.8
108,서울,21-1-8 2:10,-16.8
108,서울,21-1-8 2:11,-16.9
108,서울,21-1-8 2:12,-16.9
108,서울,21-1-8 2:13,-16.9
108,서울,21-1-8 2:14,-16.9
108,서울,21-1-8 2:15,-17
108,서울,21-1-8 2:16,-17
108,서울,21-1-8 2:17,-17
108,서울,21-1-8 2:18,-17
108,서울,21-1-8 2:19,-17
108,서울,21-1-8 2:20,-17
108,서울,21-1-8 2:21,-17
108,서울,21-1-8 2:22,-17
108,서울,21-1-8 2:23,-17
108,서울,21-1-8 2:24,-17
108,서울,21-1-8 2:25,-17
108,서울,21-1-8 2:26,-17
108,서울,21-1-8 2:27,-17
108,서울,21-1-8 2:28,-17
108,서울,21-1-8 2:29,-17.1
108,서울,21-1-8 2:30,-17.1
108,서울,21-1-8 2:31,-17.1
108,서울,21-1-8 2:32,-17.1
108,서울,21-1-8 2:33,-17.1
108,서울,21-1-8 2:34,-17.1
108,서울,21-1-8 2:35,-17.1
108,서울,21-1-8 2:36,-17.1
108,서울,21-1-8 2:37,-17.1
108,서울,21-1-8 2:38,-17.1
108,서울,21-1-8 2:39,-17.1
108,서울,21-1-8 2:40,-17.2
108,서울,21-1-8 2:41,-17.2
108,서울,21-1-8 2:42,-17.2
108,서울,21-1-8 2:43,-17.2
108,서울,21-1-8 2:44,-17.1
108,서울,21-1-8 2:45,-17.1
108,서울,21-1-8 2:46,-17.2
108,서울,21-1-8 2:47,-17.1
108,서울,21-1-8 2:48,-17.1
108,서울,21-1-8 2:49,-17.1
108,서울,21-1-8 2:50,-17.1
108,서울,21-1-8 2:51,-17.1
108,서울,21-1-8 2:52,-17.1
108,서울,21-1-8 2:53,-17.2
108,서울,21-1-8 2:54,-17.2
108,서울,21-1-8 2:55,-17.2
108,서울,21-1-8 2:56,-17.2
108,서울,21-1-8 2:57,-17.2
108,서울,21-1-8 2:58,-17.2
108,서울,21-1-8 2:59,-17.2
108,서울,21-1-8 3:00,-17.2
108,서울,21-1-8 3:01,-17.2
108,서울,21-1-8 3:02,-17.2
108,서울,21-1-8 3:03,-17.2
108,서울,21-1-8 3:04,-17.2
108,서울,21-1-8 3:05,-17.2
108,서울,21-1-8 3:06,-17.3
108,서울,21-1-8 3:07,-17.3
108,서울,21-1-8 3:08,-17.3
108,서울,21-1-8 3:09,-17.3
108,서울,21-1-8 3:11,-17.3
108,서울,21-1-8 3:12,-17.3
108,서울,21-1-8 3:13,-17.3
108,서울,21-1-8 3:14,-17.3
108,서울,21-1-8 3:15,-17.3
108,서울,21-1-8 3:16,-17.3
108,서울,21-1-8 3:17,-17.3
108,서울,21-1-8 3:18,-17.3
108,서울,21-1-8 3:19,-17.3
108,서울,21-1-8 3:20,-17.3
108,서울,21-1-8 3:21,-17.3
108,서울,21-1-8 3:22,-17.3
108,서울,21-1-8 3:23,-17.4
108,서울,21-1-8 3:24,-17.4
108,서울,21-1-8 3:25,-17.4
108,서울,21-1-8 3:26,-17.4
108,서울,21-1-8 3:27,-17.4
108,서울,21-1-8 3:28,-17.4
108,서울,21-1-8 3:29,-17.4
108,서울,21-1-8 3:30,-17.4
108,서울,21-1-8 3:31,-17.4
108,서울,21-1-8 3:32,-17.4
108,서울,21-1-8 3:33,-17.4
108,서울,21-1-8 3:34,-17.4
108,서울,21-1-8 3:35,-17.4
108,서울,21-1-8 3:36,-17.4
108,서울,21-1-8 3:37,-17.4
108,서울,21-1-8 3:38,-17.4
108,서울,21-1-8 3:39,-17.4
108,서울,21-1-8 3:40,-17.4
108,서울,21-1-8 3:41,-17.4
108,서울,21-1-8 3:42,-17.4
108,서울,21-1-8 3:43,-17.4
108,서울,21-1-8 3:44,-17.4
108,서울,21-1-8 3:45,-17.4
108,서울,21-1-8 3:46,-17.4
108,서울,21-1-8 3:47,-17.4
108,서울,21-1-8 3:48,-17.5
108,서울,21-1-8 3:49,-17.5
108,서울,21-1-8 3:50,-17.5
108,서울,21-1-8 3:51,-17.5
108,서울,21-1-8 3:52,-17.5
108,서울,21-1-8 3:53,-17.5
108,서울,21-1-8 3:54,-17.5
108,서울,21-1-8 3:55,-17.5
108,서울,21-1-8 3:56,-17.6
108,서울,21-1-8 3:57,-17.5
108,서울,21-1-8 3:58,-17.5
108,서울,21-1-8 3:59,-17.5
108,서울,21-1-8 4:00,-17.5
108,서울,21-1-8 4:01,-17.5
108,서울,21-1-8 4:02,-17.5
108,서울,21-1-8 4:03,-17.5
108,서울,21-1-8 4:04,-17.5
108,서울,21-1-8 4:05,-17.6
108,서울,21-1-8 4:06,-17.6
108,서울,21-1-8 4:07,-17.6
108,서울,21-1-8 4:08,-17.6
108,서울,21-1-8 4:09,-17.6
108,서울,21-1-8 4:10,-17.6
108,서울,21-1-8 4:11,-17.6
108,서울,21-1-8 4:12,-17.6
108,서울,21-1-8 4:13,-17.6
108,서울,21-1-8 4:14,-17.6
108,서울,21-1-8 4:15,-17.6
108,서울,21-1-8 4:16,-17.6
108,서울,21-1-8 4:17,-17.6
108,서울,21-1-8 4:18,-17.6
108,서울,21-1-8 4:19,-17.6
108,서울,21-1-8 4:20,-17.6
108,서울,21-1-8 4:21,-17.6
108,서울,21-1-8 4:22,-17.6
108,서울,21-1-8 4:23,-17.6
108,서울,21-1-8 4:24,-17.6
108,서울,21-1-8 4:25,-17.6
108,서울,21-1-8 4:26,-17.6
108,서울,21-1-8 4:27,-17.6
108,서울,21-1-8 4:28,-17.6
108,서울,21-1-8 4:29,-17.6
108,서울,21-1-8 4:30,-17.6
108,서울,21-1-8 4:31,-17.6
108,서울,21-1-8 4:32,-17.6
108,서울,21-1-8 4:33,-17.6
108,서울,21-1-8 4:34,-17.7
108,서울,21-1-8 4:35,-17.7
108,서울,21-1-8 4:36,-17.7
108,서울,21-1-8 4:37,-17.7
108,서울,21-1-8 4:38,-17.7
108,서울,21-1-8 4:39,-17.8
108,서울,21-1-8 4:40,-17.8
108,서울,21-1-8 4:41,-17.8
108,서울,21-1-8 4:42,-17.8
108,서울,21-1-8 4:43,-17.8
108,서울,21-1-8 4:44,-17.8
108,서울,21-1-8 4:45,-17.8
108,서울,21-1-8 4:46,-17.8
108,서울,21-1-8 4:47,-17.8
108,서울,21-1-8 4:48,-17.8
108,서울,21-1-8 4:49,-17.8
108,서울,21-1-8 4:50,-17.8
108,서울,21-1-8 4:51,-17.8
108,서울,21-1-8 4:52,-17.8
108,서울,21-1-8 4:53,-17.9
108,서울,21-1-8 4:54,-17.9
108,서울,21-1-8 4:55,-17.9
108,서울,21-1-8 4:56,-17.9
108,서울,21-1-8 4:57,-17.8
108,서울,21-1-8 4:58,-17.8
108,서울,21-1-8 4:59,-17.8
108,서울,21-1-8 5:00,-17.8
108,서울,21-1-8 5:01,-17.8
108,서울,21-1-8 5:02,-17.8
108,서울,21-1-8 5:03,-17.8
108,서울,21-1-8 5:04,-17.7
108,서울,21-1-8 5:05,-17.7
108,서울,21-1-8 5:06,-17.7
108,서울,21-1-8 5:07,-17.7
108,서울,21-1-8 5:08,-17.7
108,서울,21-1-8 5:09,-17.7
108,서울,21-1-8 5:10,-17.7
108,서울,21-1-8 5:11,-17.7
108,서울,21-1-8 5:12,-17.8
108,서울,21-1-8 5:13,-17.8
108,서울,21-1-8 5:14,-17.8
108,서울,21-1-8 5:15,-17.8
108,서울,21-1-8 5:16,-17.8
108,서울,21-1-8 5:17,-17.8
108,서울,21-1-8 5:18,-17.8
108,서울,21-1-8 5:19,-17.8
108,서울,21-1-8 5:20,-17.8
108,서울,21-1-8 5:21,-17.8
108,서울,21-1-8 5:22,-17.8
108,서울,21-1-8 5:23,-17.8
108,서울,21-1-8 5:24,-17.8
108,서울,21-1-8 5:25,-17.8
108,서울,21-1-8 5:26,-17.8
108,서울,21-1-8 5:27,-17.8
108,서울,21-1-8 5:28,-17.8
108,서울,21-1-8 5:29,-17.8
108,서울,21-1-8 5:30,-17.8
108,서울,21-1-8 5:31,-17.8
108,서울,21-1-8 5:32,-17.8
108,서울,21-1-8 5:33,-17.8
108,서울,21-1-8 5:34,-17.8
108,서울,21-1-8 5:35,-17.8
108,서울,21-1-8 5:36,-17.8
108,서울,21-1-8 5:37,-17.8
108,서울,21-1-8 5:38,-17.8
108,서울,21-1-8 5:39,-17.8
108,서울,21-1-8 5:40,-17.8
108,서울,21-1-8 5:41,-17.8
108,서울,21-1-8 5:42,-17.9
108,서울,21-1-8 5:43,-17.9
108,서울,21-1-8 5:44,-17.9
108,서울,21-1-8 5:45,-17.9
108,서울,21-1-8 5:46,-17.9
108,서울,21-1-8 5:47,-17.9
108,서울,21-1-8 5:48,-17.9
108,서울,21-1-8 5:49,-17.9
108,서울,21-1-8 5:50,-17.9
108,서울,21-1-8 5:51,-17.9
108,서울,21-1-8 5:52,-17.9
108,서울,21-1-8 5:53,-17.9
108,서울,21-1-8 5:54,-17.9
108,서울,21-1-8 5:55,-17.9
108,서울,21-1-8 5:56,-17.9
108,서울,21-1-8 5:57,-17.9
108,서울,21-1-8 5:58,-17.9
108,서울,21-1-8 5:59,-17.9
108,서울,21-1-8 6:00,-17.8
108,서울,21-1-8 6:01,-17.8
108,서울,21-1-8 6:02,-17.8
108,서울,21-1-8 6:03,-17.9
108,서울,21-1-8 6:04,-17.9
108,서울,21-1-8 6:05,-17.9
108,서울,21-1-8 6:06,-17.9
108,서울,21-1-8 6:07,-17.9
108,서울,21-1-8 6:08,-17.9
108,서울,21-1-8 6:09,-17.9
108,서울,21-1-8 6:10,-17.9
108,서울,21-1-8 6:11,-17.9
108,서울,21-1-8 6:12,-17.9
108,서울,21-1-8 6:13,-17.9
108,서울,21-1-8 6:14,-17.9
108,서울,21-1-8 6:15,-17.9
108,서울,21-1-8 6:16,-17.9
108,서울,21-1-8 6:17,-17.9
108,서울,21-1-8 6:18,-17.9
108,서울,21-1-8 6:19,-17.9
108,서울,21-1-8 6:20,-17.9
108,서울,21-1-8 6:21,-17.9
108,서울,21-1-8 6:22,-17.8
108,서울,21-1-8 6:23,-17.8
108,서울,21-1-8 6:24,-17.8
108,서울,21-1-8 6:25,-17.8
108,서울,21-1-8 6:26,-17.9
108,서울,21-1-8 6:27,-17.9
108,서울,21-1-8 6:28,-17.9
108,서울,21-1-8 6:29,-17.9
108,서울,21-1-8 6:30,-17.9
108,서울,21-1-8 6:31,-17.9
108,서울,21-1-8 6:32,-17.9
108,서울,21-1-8 6:33,-17.9
108,서울,21-1-8 6:34,-17.9
108,서울,21-1-8 6:35,-17.9
108,서울,21-1-8 6:36,-17.9
108,서울,21-1-8 6:37,-17.9
108,서울,21-1-8 6:38,-17.9
108,서울,21-1-8 6:39,-18
108,서울,21-1-8 6:40,-18
108,서울,21-1-8 6:41,-18
108,서울,21-1-8 6:42,-18
108,서울,21-1-8 6:43,-18
108,서울,21-1-8 6:44,-18
108,서울,21-1-8 6:45,-18
108,서울,21-1-8 6:46,-18
108,서울,21-1-8 6:47,-18
108,서울,21-1-8 6:48,-18
108,서울,21-1-8 6:49,-18
108,서울,21-1-8 6:50,-18
108,서울,21-1-8 6:51,-18
108,서울,21-1-8 6:52,-18
108,서울,21-1-8 6:53,-18.1
108,서울,21-1-8 6:54,-18.1
108,서울,21-1-8 6:55,-18.1
108,서울,21-1-8 6:56,-18.1
108,서울,21-1-8 6:57,-18.2
108,서울,21-1-8 6:58,-18.2
108,서울,21-1-8 6:59,-18.2
108,서울,21-1-8 7:00,-18.2
108,서울,21-1-8 7:01,-18.2
108,서울,21-1-8 7:02,-18.3
108,서울,21-1-8 7:03,-18.3
108,서울,21-1-8 7:04,-18.3
108,서울,21-1-8 7:05,-18.2
108,서울,21-1-8 7:06,-18.2
108,서울,21-1-8 7:07,-18.2
108,서울,21-1-8 7:08,-18.2
108,서울,21-1-8 7:09,-18.3
108,서울,21-1-8 7:10,-18.3
108,서울,21-1-8 7:11,-18.3
108,서울,21-1-8 7:12,-18.3
108,서울,21-1-8 7:13,-18.3
108,서울,21-1-8 7:14,-18.3
108,서울,21-1-8 7:15,-18.3
108,서울,21-1-8 7:16,-18.3
108,서울,21-1-8 7:17,-18.3
108,서울,21-1-8 7:18,-18.3
108,서울,21-1-8 7:19,-18.3
108,서울,21-1-8 7:20,-18.3
108,서울,21-1-8 7:21,-18.3
108,서울,21-1-8 7:22,-18.3
108,서울,21-1-8 7:23,-18.3
108,서울,21-1-8 7:24,-18.3
108,서울,21-1-8 7:25,-18.3
108,서울,21-1-8 7:26,-18.3
108,서울,21-1-8 7:27,-18.3
108,서울,21-1-8 7:28,-18.3
108,서울,21-1-8 7:29,-18.3
108,서울,21-1-8 7:30,-18.3
108,서울,21-1-8 7:31,-18.3
108,서울,21-1-8 7:32,-18.3
108,서울,21-1-8 7:33,-18.4
108,서울,21-1-8 7:34,-18.4
108,서울,21-1-8 7:35,-18.3
108,서울,21-1-8 7:36,-18.3
108,서울,21-1-8 7:37,-18.3
108,서울,21-1-8 7:38,-18.3
108,서울,21-1-8 7:39,-18.3
108,서울,21-1-8 7:40,-18.3
108,서울,21-1-8 7:41,-18.3
108,서울,21-1-8 7:42,-18.3
108,서울,21-1-8 7:43,-18.4
108,서울,21-1-8 7:44,-18.4
108,서울,21-1-8 7:45,-18.4
108,서울,21-1-8 7:46,-18.4
108,서울,21-1-8 7:47,-18.4
108,서울,21-1-8 7:48,-18.4
108,서울,21-1-8 7:49,-18.4
108,서울,21-1-8 7:50,-18.4
108,서울,21-1-8 7:51,-18.4
108,서울,21-1-8 7:52,-18.5
108,서울,21-1-8 7:53,-18.4
108,서울,21-1-8 7:54,-18.5
108,서울,21-1-8 7:55,-18.5
108,서울,21-1-8 7:56,-18.5
108,서울,21-1-8 7:57,-18.5
108,서울,21-1-8 7:58,-18.5
108,서울,21-1-8 7:59,-18.5
108,서울,21-1-8 8:00,
108,서울,21-1-8 8:01,-18.5
108,서울,21-1-8 8:02,-18.5
108,서울,21-1-8 8:03,-18.5
108,서울,21-1-8 8:04,-18.5
108,서울,21-1-8 8:05,-18.5
108,서울,21-1-8 8:06,-18.5
108,서울,21-1-8 8:07,-18.5
108,서울,21-1-8 8:08,-18.5
108,서울,21-1-8 8:09,-18.5
108,서울,21-1-8 8:10,-18.5
108,서울,21-1-8 8:11,-18.5
108,서울,21-1-8 8:12,-18.6
108,서울,21-1-8 8:13,-18.5
108,서울,21-1-8 8:14,-18.5
108,서울,21-1-8 8:15,-18.5
108,서울,21-1-8 8:16,-18.5
108,서울,21-1-8 8:17,-18.5
108,서울,21-1-8 8:18,-18.5
108,서울,21-1-8 8:19,-18.5
108,서울,21-1-8 8:20,-18.5
108,서울,21-1-8 8:21,-18.5
108,서울,21-1-8 8:22,-18.5
108,서울,21-1-8 8:23,-18.5
108,서울,21-1-8 8:24,-18.4
108,서울,21-1-8 8:25,-18.4
108,서울,21-1-8 8:26,-18.4
108,서울,21-1-8 8:27,-18.3
108,서울,21-1-8 8:28,-18.3
108,서울,21-1-8 8:29,-18.3
108,서울,21-1-8 8:30,-18.2
108,서울,21-1-8 8:31,-18.2
108,서울,21-1-8 8:32,-18.2
108,서울,21-1-8 8:33,-18.2
108,서울,21-1-8 8:34,-18.2
108,서울,21-1-8 8:35,-18.2
108,서울,21-1-8 8:36,-18.2
108,서울,21-1-8 8:37,-18.2
108,서울,21-1-8 8:38,-18.2
108,서울,21-1-8 8:39,-18.1
108,서울,21-1-8 8:40,-18.1
108,서울,21-1-8 8:41,-18.1
108,서울,21-1-8 8:42,-18.1
108,서울,21-1-8 8:43,-18.1
108,서울,21-1-8 8:44,-18.1
108,서울,21-1-8 8:45,-18.1
108,서울,21-1-8 8:46,-18.1
108,서울,21-1-8 8:47,-18.1
108,서울,21-1-8 8:48,-18.1
108,서울,21-1-8 8:49,-18.1
108,서울,21-1-8 8:50,-18.1
108,서울,21-1-8 8:51,-18
108,서울,21-1-8 8:52,-18
108,서울,21-1-8 8:53,-18
108,서울,21-1-8 8:54,-18
108,서울,21-1-8 8:55,-18
108,서울,21-1-8 8:56,-18
108,서울,21-1-8 8:57,-17.9
108,서울,21-1-8 8:58,-17.9
108,서울,21-1-8 8:59,-17.9
108,서울,21-1-8 9:00,-17.9
108,서울,21-1-8 9:01,-17.9
108,서울,21-1-8 9:02,-17.9
108,서울,21-1-8 9:03,-17.9
108,서울,21-1-8 9:04,-17.8
108,서울,21-1-8 9:05,-17.8
108,서울,21-1-8 9:06,-17.8
108,서울,21-1-8 9:07,-17.8
108,서울,21-1-8 9:08,-17.8
108,서울,21-1-8 9:09,-17.8
108,서울,21-1-8 9:10,-17.7
108,서울,21-1-8 9:11,-17.7
108,서울,21-1-8 9:12,-17.7
108,서울,21-1-8 9:13,-17.6
108,서울,21-1-8 9:14,-17.6
108,서울,21-1-8 9:15,-17.6
108,서울,21-1-8 9:16,-17.5
108,서울,21-1-8 9:17,-17.4
108,서울,21-1-8 9:18,-17.4
108,서울,21-1-8 9:19,-17.3
108,서울,21-1-8 9:20,-17.3
108,서울,21-1-8 9:21,-17.3
108,서울,21-1-8 9:22,-17.3
108,서울,21-1-8 9:23,-17.3
108,서울,21-1-8 9:24,-17.3
108,서울,21-1-8 9:25,-17.3
108,서울,21-1-8 9:26,-17.2
108,서울,21-1-8 9:27,-17.1
108,서울,21-1-8 9:28,-17.1
108,서울,21-1-8 9:29,-17.1
108,서울,21-1-8 9:30,-17
108,서울,21-1-8 9:31,-16.9
108,서울,21-1-8 9:32,-16.8
108,서울,21-1-8 9:33,-16.7
108,서울,21-1-8 9:34,-16.6
108,서울,21-1-8 9:35,-16.6
108,서울,21-1-8 9:36,-16.6
108,서울,21-1-8 9:37,-16.5
108,서울,21-1-8 9:38,-16.5
108,서울,21-1-8 9:39,-16.4
108,서울,21-1-8 9:40,-16.4
108,서울,21-1-8 9:41,-16.4
108,서울,21-1-8 9:42,-16.3
108,서울,21-1-8 9:43,-16.2
108,서울,21-1-8 9:44,-16.1
108,서울,21-1-8 9:45,-16.1
108,서울,21-1-8 9:46,-16
108,서울,21-1-8 9:47,-15.9
108,서울,21-1-8 9:48,-15.8
108,서울,21-1-8 9:49,-15.8
108,서울,21-1-8 9:50,-15.7
108,서울,21-1-8 9:51,-15.7
108,서울,21-1-8 9:52,-15.7
108,서울,21-1-8 9:53,-15.7
108,서울,21-1-8 9:54,-15.7
108,서울,21-1-8 9:55,-15.7
108,서울,21-1-8 9:56,-15.6
108,서울,21-1-8 9:57,-15.6
108,서울,21-1-8 9:58,-15.6
108,서울,21-1-8 9:59,-15.6
108,서울,21-1-8 10:00,-15.6
108,서울,21-1-8 10:01,-15.6
108,서울,21-1-8 10:02,-15.6
108,서울,21-1-8 10:03,-15.6
108,서울,21-1-8 10:04,-15.6
108,서울,21-1-8 10:05,-15.7
108,서울,21-1-8 10:06,-15.7
108,서울,21-1-8 10:07,-15.7
108,서울,21-1-8 10:08,-15.7
108,서울,21-1-8 10:09,-15.7
108,서울,21-1-8 10:10,-15.7
108,서울,21-1-8 10:11,-15.7
108,서울,21-1-8 10:12,-15.8
108,서울,21-1-8 10:13,-15.8
108,서울,21-1-8 10:14,-15.8
108,서울,21-1-8 10:15,-15.8
108,서울,21-1-8 10:16,-15.8
108,서울,21-1-8 10:17,-15.8
108,서울,21-1-8 10:18,-15.8
108,서울,21-1-8 10:19,-15.8
108,서울,21-1-8 10:20,-15.8
108,서울,21-1-8 10:21,-15.7
108,서울,21-1-8 10:22,-15.7
108,서울,21-1-8 10:23,-15.8
108,서울,21-1-8 10:24,-15.8
108,서울,21-1-8 10:25,-15.8
108,서울,21-1-8 10:26,-15.7
108,서울,21-1-8 10:27,-15.7
108,서울,21-1-8 10:28,-15.7
108,서울,21-1-8 10:29,-15.7
108,서울,21-1-8 10:30,-15.7
108,서울,21-1-8 10:31,-15.6
108,서울,21-1-8 10:32,-15.6
108,서울,21-1-8 10:33,-15.6
108,서울,21-1-8 10:34,-15.6
108,서울,21-1-8 10:35,-15.5
108,서울,21-1-8 10:36,-15.5
108,서울,21-1-8 10:37,-15.4
108,서울,21-1-8 10:38,-15.4
108,서울,21-1-8 10:39,-15.3
108,서울,21-1-8 10:40,-15.2
108,서울,21-1-8 10:41,-15.2
108,서울,21-1-8 10:42,-15.2
108,서울,21-1-8 10:43,-15.1
108,서울,21-1-8 10:44,-15
108,서울,21-1-8 10:45,-15
108,서울,21-1-8 10:46,-15
108,서울,21-1-8 10:47,-15.1
108,서울,21-1-8 10:48,-15.1
108,서울,21-1-8 10:49,-15
108,서울,21-1-8 10:50,-15
108,서울,21-1-8 10:51,-14.9
108,서울,21-1-8 10:52,-14.9
108,서울,21-1-8 10:53,-14.9
108,서울,21-1-8 10:54,-14.9
108,서울,21-1-8 10:55,-14.8
108,서울,21-1-8 10:56,-14.8
108,서울,21-1-8 10:57,-14.8
108,서울,21-1-8 10:58,-14.7
108,서울,21-1-8 10:59,-14.6
108,서울,21-1-8 11:00,-14.5
108,서울,21-1-8 11:01,-14.4
108,서울,21-1-8 11:02,-14.4
108,서울,21-1-8 11:03,-14.4
108,서울,21-1-8 11:04,-14.4
108,서울,21-1-8 11:05,-14.4
108,서울,21-1-8 11:06,-14.4
108,서울,21-1-8 11:07,-14.4
108,서울,21-1-8 11:08,-14.5
108,서울,21-1-8 11:09,-14.4
108,서울,21-1-8 11:10,-14.4
108,서울,21-1-8 11:11,-14.4
108,서울,21-1-8 11:12,-14.3
108,서울,21-1-8 11:13,-14.3
108,서울,21-1-8 11:14,-14.3
108,서울,21-1-8 11:15,-14.2
108,서울,21-1-8 11:16,-14.2
108,서울,21-1-8 11:17,-14.2
108,서울,21-1-8 11:18,-14.2
108,서울,21-1-8 11:19,-14.1
108,서울,21-1-8 11:20,-14
108,서울,21-1-8 11:21,-13.8
108,서울,21-1-8 11:22,-13.7
108,서울,21-1-8 11:23,-13.6
108,서울,21-1-8 11:24,-13.5
108,서울,21-1-8 11:25,-13.5
108,서울,21-1-8 11:26,-13.4
108,서울,21-1-8 11:27,-13.4
108,서울,21-1-8 11:28,
108,서울,21-1-8 11:29,
108,서울,21-1-8 11:30,
108,서울,21-1-8 11:31,
108,서울,21-1-8 11:32,
108,서울,21-1-8 11:33,
108,서울,21-1-8 11:34,
108,서울,21-1-8 11:35,
108,서울,21-1-8 11:36,
108,서울,21-1-8 11:37,
108,서울,21-1-8 11:38,
108,서울,21-1-8 11:39,
108,서울,21-1-8 11:40,
108,서울,21-1-8 11:41,
108,서울,21-1-8 11:42,
108,서울,21-1-8 11:43,
108,서울,21-1-8 11:44,
108,서울,21-1-8 11:45,
108,서울,21-1-8 11:46,
108,서울,21-1-8 11:47,
108,서울,21-1-8 11:48,
108,서울,21-1-8 11:49,
108,서울,21-1-8 11:50,
108,서울,21-1-8 11:51,
108,서울,21-1-8 11:52,
108,서울,21-1-8 11:53,
108,서울,21-1-8 11:54,
108,서울,21-1-8 11:55,
108,서울,21-1-8 11:56,
108,서울,21-1-8 11:57,
108,서울,21-1-8 11:58,
108,서울,21-1-8 11:59,
108,서울,21-1-8 12:00,
108,서울,21-1-8 12:01,
108,서울,21-1-8 12:02,
108,서울,21-1-8 12:03,
108,서울,21-1-8 12:04,
108,서울,21-1-8 12:05,
108,서울,21-1-8 12:06,
108,서울,21-1-8 12:07,
108,서울,21-1-8 12:08,
108,서울,21-1-8 12:09,
108,서울,21-1-8 12:10,
108,서울,21-1-8 12:11,
108,서울,21-1-8 12:12,
108,서울,21-1-8 12:13,
108,서울,21-1-8 12:14,
108,서울,21-1-8 12:15,
108,서울,21-1-8 12:16,
108,서울,21-1-8 12:17,
108,서울,21-1-8 12:18,
108,서울,21-1-8 12:19,
108,서울,21-1-8 12:20,
108,서울,21-1-8 12:21,
108,서울,21-1-8 12:22,
108,서울,21-1-8 12:23,
108,서울,21-1-8 12:24,
108,서울,21-1-8 12:25,
108,서울,21-1-8 12:26,
108,서울,21-1-8 12:27,
108,서울,21-1-8 12:28,
108,서울,21-1-8 12:29,
108,서울,21-1-8 12:30,
108,서울,21-1-8 12:31,
108,서울,21-1-8 12:32,
108,서울,21-1-8 12:33,-13.4
108,서울,21-1-8 12:34,-13.4
108,서울,21-1-8 12:35,-13.4
108,서울,21-1-8 12:36,-13.5
108,서울,21-1-8 12:37,-13.4
108,서울,21-1-8 12:38,-13.4
108,서울,21-1-8 12:39,-13.3
108,서울,21-1-8 12:40,-13.3
108,서울,21-1-8 12:41,-13.4
108,서울,21-1-8 12:42,-13.4
108,서울,21-1-8 12:43,-13.3
108,서울,21-1-8 12:44,-13.2
108,서울,21-1-8 12:45,-13.2
108,서울,21-1-8 12:46,-13.2
108,서울,21-1-8 12:47,-13.1
108,서울,21-1-8 12:48,-13.1
108,서울,21-1-8 12:49,-13
108,서울,21-1-8 12:50,-12.9
108,서울,21-1-8 12:51,-12.9
108,서울,21-1-8 12:52,-12.9
108,서울,21-1-8 12:53,-12.9
108,서울,21-1-8 12:54,-12.8
108,서울,21-1-8 12:55,-12.6
108,서울,21-1-8 12:56,-12.5
108,서울,21-1-8 12:57,-12.4
108,서울,21-1-8 12:58,-12.3
108,서울,21-1-8 12:59,-12.3
108,서울,21-1-8 13:00,-12.2
108,서울,21-1-8 13:01,-12.1
108,서울,21-1-8 13:02,-12.2
108,서울,21-1-8 13:03,-12.1
108,서울,21-1-8 13:04,-12.1
108,서울,21-1-8 13:05,-12.3
108,서울,21-1-8 13:06,-12.5
108,서울,21-1-8 13:07,-12.5
108,서울,21-1-8 13:08,-12.6
108,서울,21-1-8 13:09,-12.5
108,서울,21-1-8 13:10,-12.5
108,서울,21-1-8 13:11,-12.4
108,서울,21-1-8 13:12,-12.4
108,서울,21-1-8 13:13,-12.4
108,서울,21-1-8 13:14,-12.5
108,서울,21-1-8 13:15,-12.5
108,서울,21-1-8 13:16,-12.6
108,서울,21-1-8 13:17,-12.5
108,서울,21-1-8 13:18,-12.4
108,서울,21-1-8 13:19,-12.4
108,서울,21-1-8 13:20,-12.4
108,서울,21-1-8 13:21,-12.4
108,서울,21-1-8 13:22,-12.4
108,서울,21-1-8 13:23,-12.5
108,서울,21-1-8 13:24,-12.4
108,서울,21-1-8 13:25,-12.3
108,서울,21-1-8 13:26,-12.2
108,서울,21-1-8 13:27,-12.1
108,서울,21-1-8 13:28,-12
108,서울,21-1-8 13:29,-11.9
108,서울,21-1-8 13:30,-11.9
108,서울,21-1-8 13:31,-11.8
108,서울,21-1-8 13:32,-11.8
108,서울,21-1-8 13:33,-11.8
108,서울,21-1-8 13:34,-11.6
108,서울,21-1-8 13:35,-11.6
108,서울,21-1-8 13:36,-11.7
108,서울,21-1-8 13:37,-11.7
108,서울,21-1-8 13:38,-11.7
108,서울,21-1-8 13:39,-11.8
108,서울,21-1-8 13:40,-11.8
108,서울,21-1-8 13:41,-11.7
108,서울,21-1-8 13:42,-11.7
108,서울,21-1-8 13:43,-11.7
108,서울,21-1-8 13:44,-11.6
108,서울,21-1-8 13:45,-11.5
108,서울,21-1-8 13:46,-11.5
108,서울,21-1-8 13:47,-11.7
108,서울,21-1-8 13:48,-11.7
108,서울,21-1-8 13:49,-11.7
108,서울,21-1-8 13:50,-11.7
108,서울,21-1-8 13:51,-11.6
108,서울,21-1-8 13:52,-11.6
108,서울,21-1-8 13:53,-11.7
108,서울,21-1-8 13:54,-11.7
108,서울,21-1-8 13:55,-11.7
108,서울,21-1-8 13:56,-11.6
108,서울,21-1-8 13:57,-11.5
108,서울,21-1-8 13:58,-11.5
108,서울,21-1-8 13:59,-11.5
108,서울,21-1-8 14:00,-11.6
108,서울,21-1-8 14:01,-11.6
108,서울,21-1-8 14:02,-11.4
108,서울,21-1-8 14:03,-11.3
108,서울,21-1-8 14:04,-11.3
108,서울,21-1-8 14:05,-11.3
108,서울,21-1-8 14:06,-11.4
108,서울,21-1-8 14:07,-11.4
108,서울,21-1-8 14:08,-11.4
108,서울,21-1-8 14:09,-11.5
108,서울,21-1-8 14:10,-11.6
108,서울,21-1-8 14:11,-11.6
108,서울,21-1-8 14:12,-11.7
108,서울,21-1-8 14:13,-11.7
108,서울,21-1-8 14:14,-11.7
108,서울,21-1-8 14:15,-11.6
108,서울,21-1-8 14:16,-11.6
108,서울,21-1-8 14:17,-11.6
108,서울,21-1-8 14:18,-11.5
108,서울,21-1-8 14:19,-11.6
108,서울,21-1-8 14:20,-11.6
108,서울,21-1-8 14:21,-11.6
108,서울,21-1-8 14:22,-11.5
108,서울,21-1-8 14:23,-11.5
108,서울,21-1-8 14:24,-11.5
108,서울,21-1-8 14:25,-11.5
108,서울,21-1-8 14:26,-11.5
108,서울,21-1-8 14:27,-11.5
108,서울,21-1-8 14:28,-11.5
108,서울,21-1-8 14:29,-11.5
108,서울,21-1-8 14:30,-11.5
108,서울,21-1-8 14:31,-11.4
108,서울,21-1-8 14:32,-11.3
108,서울,21-1-8 14:33,-11.2
108,서울,21-1-8 14:34,-11.2
108,서울,21-1-8 14:35,-11.4
108,서울,21-1-8 14:36,-11.4
108,서울,21-1-8 14:37,-11.3
108,서울,21-1-8 14:38,-11.1
108,서울,21-1-8 14:39,-11
108,서울,21-1-8 14:40,-11.1
108,서울,21-1-8 14:41,-11
108,서울,21-1-8 14:42,-11
108,서울,21-1-8 14:43,-10.9
108,서울,21-1-8 14:44,-11
108,서울,21-1-8 14:45,-11
108,서울,21-1-8 14:46,-10.9
108,서울,21-1-8 14:47,-10.9
108,서울,21-1-8 14:48,-10.9
108,서울,21-1-8 14:49,-10.8
108,서울,21-1-8 14:50,-10.7
108,서울,21-1-8 14:51,-10.8
108,서울,21-1-8 14:52,-10.8
108,서울,21-1-8 14:53,-10.9
108,서울,21-1-8 14:54,-11
108,서울,21-1-8 14:55,-11.1
108,서울,21-1-8 14:56,-11.2
108,서울,21-1-8 14:57,-11.2
108,서울,21-1-8 14:58,-11.2
108,서울,21-1-8 14:59,-11.2
108,서울,21-1-8 15:00,-11.2
108,서울,21-1-8 15:01,-11.2
108,서울,21-1-8 15:02,-11.3
108,서울,21-1-8 15:03,-11.3
108,서울,21-1-8 15:04,-11.3
108,서울,21-1-8 15:05,-11.3
108,서울,21-1-8 15:06,-11.3
108,서울,21-1-8 15:07,-11.3
108,서울,21-1-8 15:08,-11.3
108,서울,21-1-8 15:09,-11.3
108,서울,21-1-8 15:10,-11.3
108,서울,21-1-8 15:11,-11.3
108,서울,21-1-8 15:12,-11.4
108,서울,21-1-8 15:13,-11.3
108,서울,21-1-8 15:14,-11.3
108,서울,21-1-8 15:15,-11.2
108,서울,21-1-8 15:16,-11.2
108,서울,21-1-8 15:17,-11.1
108,서울,21-1-8 15:18,-11.1
108,서울,21-1-8 15:19,-11.1
108,서울,21-1-8 15:20,-11.1
108,서울,21-1-8 15:21,-11.2
108,서울,21-1-8 15:22,-11.2
108,서울,21-1-8 15:23,-11.2
108,서울,21-1-8 15:24,-11.2
108,서울,21-1-8 15:25,-11.2
108,서울,21-1-8 15:26,-11.2
108,서울,21-1-8 15:27,-11.3
108,서울,21-1-8 15:28,-11.3
108,서울,21-1-8 15:29,-11.3
108,서울,21-1-8 15:30,-11.3
108,서울,21-1-8 15:31,-11.3
108,서울,21-1-8 15:32,-11.2
108,서울,21-1-8 15:33,-11.3
108,서울,21-1-8 15:34,-11.4
108,서울,21-1-8 15:35,-11.4
108,서울,21-1-8 15:36,-11.3
108,서울,21-1-8 15:37,-11.3
108,서울,21-1-8 15:38,-11.3
108,서울,21-1-8 15:39,-11.3
108,서울,21-1-8 15:40,-11.4
108,서울,21-1-8 15:41,-11.3
108,서울,21-1-8 15:42,-11.2
108,서울,21-1-8 15:43,-11.1
108,서울,21-1-8 15:44,-11.1
108,서울,21-1-8 15:45,-11.1
108,서울,21-1-8 15:46,-11.1
108,서울,21-1-8 15:47,-11.1
108,서울,21-1-8 15:48,-11.1
108,서울,21-1-8 15:49,-11.1
108,서울,21-1-8 15:50,-11.1
108,서울,21-1-8 15:51,-11.1
108,서울,21-1-8 15:52,-11.2
108,서울,21-1-8 15:53,-11.3
108,서울,21-1-8 15:54,-11.3
108,서울,21-1-8 15:55,-11.3
108,서울,21-1-8 15:56,-11.3
108,서울,21-1-8 15:57,-11.2
108,서울,21-1-8 15:58,-11.2
108,서울,21-1-8 15:59,-11.2
108,서울,21-1-8 16:00,
108,서울,21-1-8 16:01,-11.3
108,서울,21-1-8 16:02,-11.2
108,서울,21-1-8 16:03,-11.3
108,서울,21-1-8 16:04,-11.3
108,서울,21-1-8 16:05,-11.3
108,서울,21-1-8 16:06,-11.3
108,서울,21-1-8 16:07,-11.2
108,서울,21-1-8 16:08,-11.2
108,서울,21-1-8 16:09,-11.2
108,서울,21-1-8 16:10,-11.3
108,서울,21-1-8 16:11,-11.2
108,서울,21-1-8 16:12,-11.3
108,서울,21-1-8 16:13,-11.3
108,서울,21-1-8 16:14,-11.3
108,서울,21-1-8 16:15,-11.3
108,서울,21-1-8 16:16,-11.2
108,서울,21-1-8 16:17,-11.2
108,서울,21-1-8 16:18,-11.1
108,서울,21-1-8 16:19,-11
108,서울,21-1-8 16:20,-11
108,서울,21-1-8 16:21,-11
108,서울,21-1-8 16:22,-11.1
108,서울,21-1-8 16:23,-11
108,서울,21-1-8 16:24,-11
108,서울,21-1-8 16:25,-11
108,서울,21-1-8 16:26,-11.1
108,서울,21-1-8 16:27,-11.1
108,서울,21-1-8 16:28,-11.1
108,서울,21-1-8 16:29,-11.1
108,서울,21-1-8 16:30,-11
108,서울,21-1-8 16:31,-11.1
108,서울,21-1-8 16:32,-11.2
108,서울,21-1-8 16:33,-11.2
108,서울,21-1-8 16:34,-11.3
108,서울,21-1-8 16:35,-11.5
108,서울,21-1-8 16:36,-11.6
108,서울,21-1-8 16:37,-11.6
108,서울,21-1-8 16:38,-11.7
108,서울,21-1-8 16:39,-11.6
108,서울,21-1-8 16:40,-11.7
108,서울,21-1-8 16:41,-11.6
108,서울,21-1-8 16:42,-11.6
108,서울,21-1-8 16:43,-11.6
108,서울,21-1-8 16:44,-11.6
108,서울,21-1-8 16:45,-11.6
108,서울,21-1-8 16:46,-11.7
108,서울,21-1-8 16:47,-11.7
108,서울,21-1-8 16:48,-11.7
108,서울,21-1-8 16:49,-11.7
108,서울,21-1-8 16:50,-11.7
108,서울,21-1-8 16:51,-11.7
108,서울,21-1-8 16:52,-11.7
108,서울,21-1-8 16:53,-11.7
108,서울,21-1-8 16:54,-11.7
108,서울,21-1-8 16:55,-11.7
108,서울,21-1-8 16:56,-11.7
108,서울,21-1-8 16:57,-11.7
108,서울,21-1-8 16:58,-11.7
108,서울,21-1-8 16:59,-11.7
108,서울,21-1-8 17:00,-11.7
108,서울,21-1-8 17:01,-11.7
108,서울,21-1-8 17:02,-11.8
108,서울,21-1-8 17:03,-11.8
108,서울,21-1-8 17:04,-11.8
108,서울,21-1-8 17:05,-11.9
108,서울,21-1-8 17:06,-11.9
108,서울,21-1-8 17:07,-11.9
108,서울,21-1-8 17:08,-11.9
108,서울,21-1-8 17:09,-12
108,서울,21-1-8 17:10,-12
108,서울,21-1-8 17:11,-12
108,서울,21-1-8 17:12,-12
108,서울,21-1-8 17:13,-12
108,서울,21-1-8 17:14,-12.1
108,서울,21-1-8 17:15,-12.1
108,서울,21-1-8 17:16,-12.1
108,서울,21-1-8 17:17,-12.1
108,서울,21-1-8 17:18,-12.1
108,서울,21-1-8 17:19,-12.1
108,서울,21-1-8 17:20,-12.1
108,서울,21-1-8 17:21,-12.2
108,서울,21-1-8 17:22,-12.2
108,서울,21-1-8 17:23,-12.2
108,서울,21-1-8 17:24,-12.2
108,서울,21-1-8 17:25,-12.2
108,서울,21-1-8 17:26,-12.2
108,서울,21-1-8 17:27,-12.2
108,서울,21-1-8 17:28,-12.2
108,서울,21-1-8 17:29,-12.3
108,서울,21-1-8 17:30,-12.3
108,서울,21-1-8 17:31,-12.3
108,서울,21-1-8 17:32,-12.3
108,서울,21-1-8 17:33,-12.3
108,서울,21-1-8 17:34,-12.3
108,서울,21-1-8 17:35,-12.3
108,서울,21-1-8 17:36,-12.3
108,서울,21-1-8 17:37,-12.4
108,서울,21-1-8 17:38,-12.4
108,서울,21-1-8 17:39,-12.4
108,서울,21-1-8 17:40,-12.4
108,서울,21-1-8 17:41,-12.4
108,서울,21-1-8 17:42,-12.4
108,서울,21-1-8 17:43,-12.4
108,서울,21-1-8 17:44,-12.4
108,서울,21-1-8 17:45,-12.5
108,서울,21-1-8 17:46,-12.5
108,서울,21-1-8 17:47,-12.5
108,서울,21-1-8 17:48,-12.5
108,서울,21-1-8 17:49,-12.5
108,서울,21-1-8 17:50,-12.5
108,서울,21-1-8 17:51,-12.5
108,서울,21-1-8 17:52,-12.5
108,서울,21-1-8 17:53,-12.5
108,서울,21-1-8 17:54,-12.5
108,서울,21-1-8 17:55,-12.5
108,서울,21-1-8 17:56,-12.5
108,서울,21-1-8 17:57,-12.5
108,서울,21-1-8 17:58,-12.5
108,서울,21-1-8 17:59,-12.5
108,서울,21-1-8 18:00,-12.6
108,서울,21-1-8 18:01,-12.6
108,서울,21-1-8 18:02,-12.6
108,서울,21-1-8 18:03,-12.6
108,서울,21-1-8 18:04,-12.6
108,서울,21-1-8 18:05,-12.6
108,서울,21-1-8 18:06,-12.6
108,서울,21-1-8 18:07,-12.7
108,서울,21-1-8 18:08,-12.7
108,서울,21-1-8 18:09,-12.7
108,서울,21-1-8 18:10,-12.7
108,서울,21-1-8 18:11,-12.7
108,서울,21-1-8 18:12,-12.7
108,서울,21-1-8 18:13,-12.7
108,서울,21-1-8 18:14,-12.7
108,서울,21-1-8 18:15,-12.7
108,서울,21-1-8 18:16,-12.8
108,서울,21-1-8 18:17,-12.8
108,서울,21-1-8 18:18,-12.8
108,서울,21-1-8 18:19,-12.8
108,서울,21-1-8 18:20,-12.8
108,서울,21-1-8 18:21,-12.8
108,서울,21-1-8 18:22,-12.8
108,서울,21-1-8 18:23,-12.9
108,서울,21-1-8 18:24,-12.9
108,서울,21-1-8 18:25,-12.9
108,서울,21-1-8 18:26,-12.9
108,서울,21-1-8 18:27,-12.9
108,서울,21-1-8 18:28,-12.9
108,서울,21-1-8 18:29,-12.9
108,서울,21-1-8 18:30,-12.9
108,서울,21-1-8 18:31,-12.9
108,서울,21-1-8 18:32,-12.9
108,서울,21-1-8 18:33,-12.9
108,서울,21-1-8 18:34,-12.9
108,서울,21-1-8 18:35,-12.9
108,서울,21-1-8 18:36,-12.9
108,서울,21-1-8 18:37,-12.9
108,서울,21-1-8 18:38,-12.9
108,서울,21-1-8 18:39,-13
108,서울,21-1-8 18:40,-13
108,서울,21-1-8 18:41,-13
108,서울,21-1-8 18:42,-13
108,서울,21-1-8 18:43,-13
108,서울,21-1-8 18:44,-13
108,서울,21-1-8 18:45,-13.1
108,서울,21-1-8 18:46,-13
108,서울,21-1-8 18:47,-13
108,서울,21-1-8 18:48,-13.1
108,서울,21-1-8 18:49,-13.1
108,서울,21-1-8 18:50,-13.1
108,서울,21-1-8 18:51,-13.1
108,서울,21-1-8 18:52,-13.1
108,서울,21-1-8 18:53,-13.1
108,서울,21-1-8 18:54,-13.1
108,서울,21-1-8 18:55,-13.1
108,서울,21-1-8 18:56,-13.1
108,서울,21-1-8 18:57,-13.1
108,서울,21-1-8 18:58,-13.1
108,서울,21-1-8 18:59,-13.1
108,서울,21-1-8 19:00,-13.1
108,서울,21-1-8 19:01,-13.1
108,서울,21-1-8 19:02,-13.1
108,서울,21-1-8 19:03,-13.1
108,서울,21-1-8 19:04,-13.1
108,서울,21-1-8 19:05,-13.1
108,서울,21-1-8 19:06,-13.1
108,서울,21-1-8 19:07,-13.1
108,서울,21-1-8 19:08,-13.1
108,서울,21-1-8 19:09,-13.1
108,서울,21-1-8 19:10,-13.1
108,서울,21-1-8 19:11,-13.1
108,서울,21-1-8 19:12,-13.1
108,서울,21-1-8 19:13,-13.2
108,서울,21-1-8 19:14,-13.2
108,서울,21-1-8 19:15,-13.2
108,서울,21-1-8 19:16,-13.2
108,서울,21-1-8 19:17,-13.2
108,서울,21-1-8 19:18,-13.2
108,서울,21-1-8 19:19,-13.3
108,서울,21-1-8 19:20,-13.2
108,서울,21-1-8 19:21,-13.3
108,서울,21-1-8 19:22,-13.2
108,서울,21-1-8 19:23,-13.3
108,서울,21-1-8 19:24,-13.3
108,서울,21-1-8 19:25,-13.3
108,서울,21-1-8 19:26,-13.3
108,서울,21-1-8 19:27,-13.3
108,서울,21-1-8 19:28,-13.3
108,서울,21-1-8 19:29,-13.3
108,서울,21-1-8 19:30,-13.3
108,서울,21-1-8 19:31,-13.3
108,서울,21-1-8 19:32,-13.3
108,서울,21-1-8 19:33,-13.3
108,서울,21-1-8 19:34,-13.3
108,서울,21-1-8 19:35,-13.3
108,서울,21-1-8 19:36,-13.3
108,서울,21-1-8 19:37,-13.3
108,서울,21-1-8 19:38,-13.3
108,서울,21-1-8 19:39,-13.3
108,서울,21-1-8 19:40,-13.4
108,서울,21-1-8 19:41,-13.4
108,서울,21-1-8 19:42,-13.4
108,서울,21-1-8 19:43,-13.4
108,서울,21-1-8 19:44,-13.4
108,서울,21-1-8 19:45,-13.4
108,서울,21-1-8 19:46,-13.4
108,서울,21-1-8 19:47,-13.4
108,서울,21-1-8 19:48,-13.4
108,서울,21-1-8 19:49,-13.4
108,서울,21-1-8 19:50,-13.4
108,서울,21-1-8 19:51,-13.4
108,서울,21-1-8 19:52,-13.4
108,서울,21-1-8 19:53,-13.4
108,서울,21-1-8 19:54,-13.4
108,서울,21-1-8 19:55,-13.4
108,서울,21-1-8 19:56,-13.4
108,서울,21-1-8 19:57,-13.4
108,서울,21-1-8 19:58,-13.4
108,서울,21-1-8 19:59,-13.5
108,서울,21-1-8 20:00,
108,서울,21-1-8 20:01,-13.5
108,서울,21-1-8 20:02,-13.5
108,서울,21-1-8 20:03,-13.5
108,서울,21-1-8 20:04,-13.5
108,서울,21-1-8 20:05,-13.5
108,서울,21-1-8 20:06,-13.5
108,서울,21-1-8 20:07,-13.5
108,서울,21-1-8 20:08,-13.6
108,서울,21-1-8 20:09,-13.6
108,서울,21-1-8 20:10,-13.6
108,서울,21-1-8 20:11,-13.6
108,서울,21-1-8 20:12,-13.6
108,서울,21-1-8 20:13,-13.6
108,서울,21-1-8 20:14,-13.6
108,서울,21-1-8 20:15,-13.6
108,서울,21-1-8 20:16,-13.6
108,서울,21-1-8 20:17,-13.6
108,서울,21-1-8 20:18,-13.6
108,서울,21-1-8 20:19,-13.7
108,서울,21-1-8 20:20,-13.7
108,서울,21-1-8 20:21,-13.7
108,서울,21-1-8 20:22,-13.7
108,서울,21-1-8 20:23,-13.7
108,서울,21-1-8 20:24,-13.7
108,서울,21-1-8 20:25,-13.7
108,서울,21-1-8 20:26,-13.7
108,서울,21-1-8 20:27,-13.7
108,서울,21-1-8 20:28,-13.7
108,서울,21-1-8 20:29,-13.7
108,서울,21-1-8 20:30,-13.7
108,서울,21-1-8 20:31,-13.7
108,서울,21-1-8 20:32,-13.8
108,서울,21-1-8 20:33,-13.8
108,서울,21-1-8 20:34,-13.8
108,서울,21-1-8 20:35,-13.8
108,서울,21-1-8 20:36,-13.8
108,서울,21-1-8 20:37,-13.8
108,서울,21-1-8 20:38,-13.8
108,서울,21-1-8 20:39,-13.8
108,서울,21-1-8 20:40,-13.9
108,서울,21-1-8 20:41,-13.9
108,서울,21-1-8 20:42,-13.9
108,서울,21-1-8 20:43,-13.9
108,서울,21-1-8 20:44,-13.9
108,서울,21-1-8 20:45,-13.9
108,서울,21-1-8 20:46,-13.9
108,서울,21-1-8 20:47,-13.9
108,서울,21-1-8 20:48,-13.9
108,서울,21-1-8 20:49,-13.9
108,서울,21-1-8 20:50,-13.9
108,서울,21-1-8 20:51,-13.9
108,서울,21-1-8 20:52,-13.9
108,서울,21-1-8 20:53,-14
108,서울,21-1-8 20:54,-14
108,서울,21-1-8 20:55,-14
108,서울,21-1-8 20:56,-14
108,서울,21-1-8 20:57,-14
108,서울,21-1-8 20:58,-14
108,서울,21-1-8 20:59,-14
108,서울,21-1-8 21:00,-14.1
108,서울,21-1-8 21:01,-14.1
108,서울,21-1-8 21:02,-14.1
108,서울,21-1-8 21:03,-14.1
108,서울,21-1-8 21:04,-14.1
108,서울,21-1-8 21:05,-14.1
108,서울,21-1-8 21:06,-14.1
108,서울,21-1-8 21:07,-14.1
108,서울,21-1-8 21:08,-14.1
108,서울,21-1-8 21:09,-14.1
108,서울,21-1-8 21:10,-14.1
108,서울,21-1-8 21:11,-14.1
108,서울,21-1-8 21:12,-14.1
108,서울,21-1-8 21:13,-14.1
108,서울,21-1-8 21:14,-14.2
108,서울,21-1-8 21:15,-14.2
108,서울,21-1-8 21:16,-14.2
108,서울,21-1-8 21:17,-14.2
108,서울,21-1-8 21:18,-14.2
108,서울,21-1-8 21:19,-14.2
108,서울,21-1-8 21:20,-14.2
108,서울,21-1-8 21:21,-14.2
108,서울,21-1-8 21:22,-14.3
108,서울,21-1-8 21:23,-14.3
108,서울,21-1-8 21:24,-14.3
108,서울,21-1-8 21:25,-14.3
108,서울,21-1-8 21:26,-14.3
108,서울,21-1-8 21:27,-14.3
108,서울,21-1-8 21:28,-14.3
108,서울,21-1-8 21:29,-14.3
108,서울,21-1-8 21:30,-14.3
108,서울,21-1-8 21:31,-14.3
108,서울,21-1-8 21:32,-14.3
108,서울,21-1-8 21:33,-14.4
108,서울,21-1-8 21:34,-14.4
108,서울,21-1-8 21:35,-14.4
108,서울,21-1-8 21:36,-14.4
108,서울,21-1-8 21:37,-14.4
108,서울,21-1-8 21:38,-14.4
108,서울,21-1-8 21:39,-14.4
108,서울,21-1-8 21:40,-14.4
108,서울,21-1-8 21:41,-14.4
108,서울,21-1-8 21:42,-14.4
108,서울,21-1-8 21:43,-14.4
108,서울,21-1-8 21:44,-14.4
108,서울,21-1-8 21:45,-14.4
108,서울,21-1-8 21:46,-14.4
108,서울,21-1-8 21:47,-14.5
108,서울,21-1-8 21:48,-14.4
108,서울,21-1-8 21:49,-14.4
108,서울,21-1-8 21:50,-14.4
108,서울,21-1-8 21:51,-14.4
108,서울,21-1-8 21:52,-14.4
108,서울,21-1-8 21:53,-14.5
108,서울,21-1-8 21:54,-14.5
108,서울,21-1-8 21:55,-14.5
108,서울,21-1-8 21:56,-14.5
108,서울,21-1-8 21:57,-14.5
108,서울,21-1-8 21:58,-14.5
108,서울,21-1-8 21:59,-14.5
108,서울,21-1-8 22:00,-14.5
108,서울,21-1-8 22:01,-14.5
108,서울,21-1-8 22:02,-14.5
108,서울,21-1-8 22:03,-14.5
108,서울,21-1-8 22:04,-14.5
108,서울,21-1-8 22:05,-14.5
108,서울,21-1-8 22:06,-14.5
108,서울,21-1-8 22:07,-14.5
108,서울,21-1-8 22:08,-14.6
108,서울,21-1-8 22:09,-14.6
108,서울,21-1-8 22:10,-14.6
108,서울,21-1-8 22:11,-14.6
108,서울,21-1-8 22:12,-14.6
108,서울,21-1-8 22:13,-14.6
108,서울,21-1-8 22:14,-14.7
108,서울,21-1-8 22:15,-14.7
108,서울,21-1-8 22:16,-14.7
108,서울,21-1-8 22:17,-14.7
108,서울,21-1-8 22:18,-14.7
108,서울,21-1-8 22:19,-14.7
108,서울,21-1-8 22:20,-14.7
108,서울,21-1-8 22:21,-14.7
108,서울,21-1-8 22:22,-14.7
108,서울,21-1-8 22:23,-14.7
108,서울,21-1-8 22:24,-14.7
108,서울,21-1-8 22:25,-14.8
108,서울,21-1-8 22:26,-14.8
108,서울,21-1-8 22:27,-14.8
108,서울,21-1-8 22:28,-14.8
108,서울,21-1-8 22:29,-14.9
108,서울,21-1-8 22:30,-14.9
108,서울,21-1-8 22:31,-14.9
108,서울,21-1-8 22:32,-14.9
108,서울,21-1-8 22:33,-14.9
108,서울,21-1-8 22:34,-14.9
108,서울,21-1-8 22:35,-14.9
108,서울,21-1-8 22:36,-14.9
108,서울,21-1-8 22:37,-14.9
108,서울,21-1-8 22:38,-14.9
108,서울,21-1-8 22:39,-14.9
108,서울,21-1-8 22:40,-14.9
108,서울,21-1-8 22:41,-14.9
108,서울,21-1-8 22:42,-14.9
108,서울,21-1-8 22:43,-14.9
108,서울,21-1-8 22:44,-14.9
108,서울,21-1-8 22:45,-14.9
108,서울,21-1-8 22:46,-15
108,서울,21-1-8 22:47,-15
108,서울,21-1-8 22:48,-15
108,서울,21-1-8 22:49,-15
108,서울,21-1-8 22:50,-15.1
108,서울,21-1-8 22:51,-15.1
108,서울,21-1-8 22:52,-15.1
108,서울,21-1-8 22:53,-15.1
108,서울,21-1-8 22:54,-15.1
108,서울,21-1-8 22:55,-15.1
108,서울,21-1-8 22:56,-15.2
108,서울,21-1-8 22:57,-15.2
108,서울,21-1-8 22:58,-15.2
108,서울,21-1-8 22:59,-15.2
108,서울,21-1-8 23:00,-15.2
108,서울,21-1-8 23:01,-15.2
108,서울,21-1-8 23:02,-15.3
108,서울,21-1-8 23:03,-15.3
108,서울,21-1-8 23:04,-15.3
108,서울,21-1-8 23:05,-15.3
108,서울,21-1-8 23:06,-15.3
108,서울,21-1-8 23:07,-15.3
108,서울,21-1-8 23:08,-15.3
108,서울,21-1-8 23:09,-15.3
108,서울,21-1-8 23:10,-15.3
108,서울,21-1-8 23:11,-15.3
108,서울,21-1-8 23:12,-15.3
108,서울,21-1-8 23:13,-15.4
108,서울,21-1-8 23:14,-15.3
108,서울,21-1-8 23:15,-15.3
108,서울,21-1-8 23:16,-15.4
108,서울,21-1-8 23:17,-15.4
108,서울,21-1-8 23:18,-15.4
108,서울,21-1-8 23:19,-15.4
108,서울,21-1-8 23:20,-15.4
108,서울,21-1-8 23:21,-15.4
108,서울,21-1-8 23:22,-15.4
108,서울,21-1-8 23:23,-15.4
108,서울,21-1-8 23:24,-15.4
108,서울,21-1-8 23:25,-15.4
108,서울,21-1-8 23:26,-15.4
108,서울,21-1-8 23:27,-15.4
108,서울,21-1-8 23:28,-15.4
108,서울,21-1-8 23:29,-15.4
108,서울,21-1-8 23:30,-15.4
108,서울,21-1-8 23:31,-15.4
108,서울,21-1-8 23:32,-15.4
108,서울,21-1-8 23:33,-15.4
108,서울,21-1-8 23:34,-15.4
108,서울,21-1-8 23:35,-15.4
108,서울,21-1-8 23:36,-15.4
108,서울,21-1-8 23:37,-15.4
108,서울,21-1-8 23:38,-15.4
108,서울,21-1-8 23:39,-15.4
108,서울,21-1-8 23:40,-15.5
108,서울,21-1-8 23:41,-15.5
108,서울,21-1-8 23:42,-15.5
108,서울,21-1-8 23:43,-15.5
108,서울,21-1-8 23:44,-15.5
108,서울,21-1-8 23:45,-15.5
108,서울,21-1-8 23:46,-15.4
108,서울,21-1-8 23:47,-15.4
108,서울,21-1-8 23:48,-15.4
108,서울,21-1-8 23:49,-15.4
108,서울,21-1-8 23:50,-15.4
108,서울,21-1-8 23:51,-15.4
108,서울,21-1-8 23:52,-15.5
108,서울,21-1-8 23:53,-15.5
108,서울,21-1-8 23:54,-15.5
108,서울,21-1-8 23:55,-15.5
108,서울,21-1-8 23:56,-15.4
108,서울,21-1-8 23:57,-15.4
108,서울,21-1-8 23:58,-15.4
108,서울,21-1-8 23:59,-15.4
,,,
